Filename,Emotion_Code,Emotion_Label,Actor_ID,File_Path
03-01-01-01-01-01-01.wav,01,neutral,01,Audios/Actor_01/03-01-01-01-01-01-01.wav
03-01-01-01-01-02-01.wav,01,neutral,01,Audios/Actor_01/03-01-01-01-01-02-01.wav
03-01-01-01-02-01-01.wav,01,neutral,01,Audios/Actor_01/03-01-01-01-02-01-01.wav
03-01-01-01-02-02-01.wav,01,neutral,01,Audios/Actor_01/03-01-01-01-02-02-01.wav
03-01-02-01-01-01-01.wav,02,calm,01,Audios/Actor_01/03-01-02-01-01-01-01.wav
03-01-02-01-01-02-01.wav,02,calm,01,Audios/Actor_01/03-01-02-01-01-02-01.wav
03-01-02-01-02-01-01.wav,02,calm,01,Audios/Actor_01/03-01-02-01-02-01-01.wav
03-01-02-01-02-02-01.wav,02,calm,01,Audios/Actor_01/03-01-02-01-02-02-01.wav
03-01-02-02-01-01-01.wav,02,calm,01,Audios/Actor_01/03-01-02-02-01-01-01.wav
03-01-02-02-01-02-01.wav,02,calm,01,Audios/Actor_01/03-01-02-02-01-02-01.wav
03-01-02-02-02-01-01.wav,02,calm,01,Audios/Actor_01/03-01-02-02-02-01-01.wav
03-01-02-02-02-02-01.wav,02,calm,01,Audios/Actor_01/03-01-02-02-02-02-01.wav
03-01-03-01-01-01-01.wav,03,happy,01,Audios/Actor_01/03-01-03-01-01-01-01.wav
03-01-03-01-01-02-01.wav,03,happy,01,Audios/Actor_01/03-01-03-01-01-02-01.wav
03-01-03-01-02-01-01.wav,03,happy,01,Audios/Actor_01/03-01-03-01-02-01-01.wav
03-01-03-01-02-02-01.wav,03,happy,01,Audios/Actor_01/03-01-03-01-02-02-01.wav
03-01-03-02-01-01-01.wav,03,happy,01,Audios/Actor_01/03-01-03-02-01-01-01.wav
03-01-03-02-01-02-01.wav,03,happy,01,Audios/Actor_01/03-01-03-02-01-02-01.wav
03-01-03-02-02-01-01.wav,03,happy,01,Audios/Actor_01/03-01-03-02-02-01-01.wav
03-01-03-02-02-02-01.wav,03,happy,01,Audios/Actor_01/03-01-03-02-02-02-01.wav
03-01-04-01-01-01-01.wav,04,sad,01,Audios/Actor_01/03-01-04-01-01-01-01.wav
03-01-04-01-01-02-01.wav,04,sad,01,Audios/Actor_01/03-01-04-01-01-02-01.wav
03-01-04-01-02-01-01.wav,04,sad,01,Audios/Actor_01/03-01-04-01-02-01-01.wav
03-01-04-01-02-02-01.wav,04,sad,01,Audios/Actor_01/03-01-04-01-02-02-01.wav
03-01-04-02-01-01-01.wav,04,sad,01,Audios/Actor_01/03-01-04-02-01-01-01.wav
03-01-04-02-01-02-01.wav,04,sad,01,Audios/Actor_01/03-01-04-02-01-02-01.wav
03-01-04-02-02-01-01.wav,04,sad,01,Audios/Actor_01/03-01-04-02-02-01-01.wav
03-01-04-02-02-02-01.wav,04,sad,01,Audios/Actor_01/03-01-04-02-02-02-01.wav
03-01-05-01-01-01-01.wav,05,angry,01,Audios/Actor_01/03-01-05-01-01-01-01.wav
03-01-05-01-01-02-01.wav,05,angry,01,Audios/Actor_01/03-01-05-01-01-02-01.wav
03-01-05-01-02-01-01.wav,05,angry,01,Audios/Actor_01/03-01-05-01-02-01-01.wav
03-01-05-01-02-02-01.wav,05,angry,01,Audios/Actor_01/03-01-05-01-02-02-01.wav
03-01-05-02-01-01-01.wav,05,angry,01,Audios/Actor_01/03-01-05-02-01-01-01.wav
03-01-05-02-01-02-01.wav,05,angry,01,Audios/Actor_01/03-01-05-02-01-02-01.wav
03-01-05-02-02-01-01.wav,05,angry,01,Audios/Actor_01/03-01-05-02-02-01-01.wav
03-01-05-02-02-02-01.wav,05,angry,01,Audios/Actor_01/03-01-05-02-02-02-01.wav
03-01-06-01-01-01-01.wav,06,fearful,01,Audios/Actor_01/03-01-06-01-01-01-01.wav
03-01-06-01-01-02-01.wav,06,fearful,01,Audios/Actor_01/03-01-06-01-01-02-01.wav
03-01-06-01-02-01-01.wav,06,fearful,01,Audios/Actor_01/03-01-06-01-02-01-01.wav
03-01-06-01-02-02-01.wav,06,fearful,01,Audios/Actor_01/03-01-06-01-02-02-01.wav
03-01-06-02-01-01-01.wav,06,fearful,01,Audios/Actor_01/03-01-06-02-01-01-01.wav
03-01-06-02-01-02-01.wav,06,fearful,01,Audios/Actor_01/03-01-06-02-01-02-01.wav
03-01-06-02-02-01-01.wav,06,fearful,01,Audios/Actor_01/03-01-06-02-02-01-01.wav
03-01-06-02-02-02-01.wav,06,fearful,01,Audios/Actor_01/03-01-06-02-02-02-01.wav
03-01-07-01-01-01-01.wav,07,disgust,01,Audios/Actor_01/03-01-07-01-01-01-01.wav
03-01-07-01-01-02-01.wav,07,disgust,01,Audios/Actor_01/03-01-07-01-01-02-01.wav
03-01-07-01-02-01-01.wav,07,disgust,01,Audios/Actor_01/03-01-07-01-02-01-01.wav
03-01-07-01-02-02-01.wav,07,disgust,01,Audios/Actor_01/03-01-07-01-02-02-01.wav
03-01-07-02-01-01-01.wav,07,disgust,01,Audios/Actor_01/03-01-07-02-01-01-01.wav
03-01-07-02-01-02-01.wav,07,disgust,01,Audios/Actor_01/03-01-07-02-01-02-01.wav
03-01-07-02-02-01-01.wav,07,disgust,01,Audios/Actor_01/03-01-07-02-02-01-01.wav
03-01-07-02-02-02-01.wav,07,disgust,01,Audios/Actor_01/03-01-07-02-02-02-01.wav
03-01-08-01-01-01-01.wav,08,surprised,01,Audios/Actor_01/03-01-08-01-01-01-01.wav
03-01-08-01-01-02-01.wav,08,surprised,01,Audios/Actor_01/03-01-08-01-01-02-01.wav
03-01-08-01-02-01-01.wav,08,surprised,01,Audios/Actor_01/03-01-08-01-02-01-01.wav
03-01-08-01-02-02-01.wav,08,surprised,01,Audios/Actor_01/03-01-08-01-02-02-01.wav
03-01-08-02-01-01-01.wav,08,surprised,01,Audios/Actor_01/03-01-08-02-01-01-01.wav
03-01-08-02-01-02-01.wav,08,surprised,01,Audios/Actor_01/03-01-08-02-01-02-01.wav
03-01-08-02-02-01-01.wav,08,surprised,01,Audios/Actor_01/03-01-08-02-02-01-01.wav
03-01-08-02-02-02-01.wav,08,surprised,01,Audios/Actor_01/03-01-08-02-02-02-01.wav
03-01-01-01-01-01-02.wav,01,neutral,02,Audios/Actor_02/03-01-01-01-01-01-02.wav
03-01-01-01-01-02-02.wav,01,neutral,02,Audios/Actor_02/03-01-01-01-01-02-02.wav
03-01-01-01-02-01-02.wav,01,neutral,02,Audios/Actor_02/03-01-01-01-02-01-02.wav
03-01-01-01-02-02-02.wav,01,neutral,02,Audios/Actor_02/03-01-01-01-02-02-02.wav
03-01-02-01-01-01-02.wav,02,calm,02,Audios/Actor_02/03-01-02-01-01-01-02.wav
03-01-02-01-01-02-02.wav,02,calm,02,Audios/Actor_02/03-01-02-01-01-02-02.wav
03-01-02-01-02-01-02.wav,02,calm,02,Audios/Actor_02/03-01-02-01-02-01-02.wav
03-01-02-01-02-02-02.wav,02,calm,02,Audios/Actor_02/03-01-02-01-02-02-02.wav
03-01-02-02-01-01-02.wav,02,calm,02,Audios/Actor_02/03-01-02-02-01-01-02.wav
03-01-02-02-01-02-02.wav,02,calm,02,Audios/Actor_02/03-01-02-02-01-02-02.wav
03-01-02-02-02-01-02.wav,02,calm,02,Audios/Actor_02/03-01-02-02-02-01-02.wav
03-01-02-02-02-02-02.wav,02,calm,02,Audios/Actor_02/03-01-02-02-02-02-02.wav
03-01-03-01-01-01-02.wav,03,happy,02,Audios/Actor_02/03-01-03-01-01-01-02.wav
03-01-03-01-01-02-02.wav,03,happy,02,Audios/Actor_02/03-01-03-01-01-02-02.wav
03-01-03-01-02-01-02.wav,03,happy,02,Audios/Actor_02/03-01-03-01-02-01-02.wav
03-01-03-01-02-02-02.wav,03,happy,02,Audios/Actor_02/03-01-03-01-02-02-02.wav
03-01-03-02-01-01-02.wav,03,happy,02,Audios/Actor_02/03-01-03-02-01-01-02.wav
03-01-03-02-01-02-02.wav,03,happy,02,Audios/Actor_02/03-01-03-02-01-02-02.wav
03-01-03-02-02-01-02.wav,03,happy,02,Audios/Actor_02/03-01-03-02-02-01-02.wav
03-01-03-02-02-02-02.wav,03,happy,02,Audios/Actor_02/03-01-03-02-02-02-02.wav
03-01-04-01-01-01-02.wav,04,sad,02,Audios/Actor_02/03-01-04-01-01-01-02.wav
03-01-04-01-01-02-02.wav,04,sad,02,Audios/Actor_02/03-01-04-01-01-02-02.wav
03-01-04-01-02-01-02.wav,04,sad,02,Audios/Actor_02/03-01-04-01-02-01-02.wav
03-01-04-01-02-02-02.wav,04,sad,02,Audios/Actor_02/03-01-04-01-02-02-02.wav
03-01-04-02-01-01-02.wav,04,sad,02,Audios/Actor_02/03-01-04-02-01-01-02.wav
03-01-04-02-01-02-02.wav,04,sad,02,Audios/Actor_02/03-01-04-02-01-02-02.wav
03-01-04-02-02-01-02.wav,04,sad,02,Audios/Actor_02/03-01-04-02-02-01-02.wav
03-01-04-02-02-02-02.wav,04,sad,02,Audios/Actor_02/03-01-04-02-02-02-02.wav
03-01-05-01-01-01-02.wav,05,angry,02,Audios/Actor_02/03-01-05-01-01-01-02.wav
03-01-05-01-01-02-02.wav,05,angry,02,Audios/Actor_02/03-01-05-01-01-02-02.wav
03-01-05-01-02-01-02.wav,05,angry,02,Audios/Actor_02/03-01-05-01-02-01-02.wav
03-01-05-01-02-02-02.wav,05,angry,02,Audios/Actor_02/03-01-05-01-02-02-02.wav
03-01-05-02-01-01-02.wav,05,angry,02,Audios/Actor_02/03-01-05-02-01-01-02.wav
03-01-05-02-01-02-02.wav,05,angry,02,Audios/Actor_02/03-01-05-02-01-02-02.wav
03-01-05-02-02-01-02.wav,05,angry,02,Audios/Actor_02/03-01-05-02-02-01-02.wav
03-01-05-02-02-02-02.wav,05,angry,02,Audios/Actor_02/03-01-05-02-02-02-02.wav
03-01-06-01-01-01-02.wav,06,fearful,02,Audios/Actor_02/03-01-06-01-01-01-02.wav
03-01-06-01-01-02-02.wav,06,fearful,02,Audios/Actor_02/03-01-06-01-01-02-02.wav
03-01-06-01-02-01-02.wav,06,fearful,02,Audios/Actor_02/03-01-06-01-02-01-02.wav
03-01-06-01-02-02-02.wav,06,fearful,02,Audios/Actor_02/03-01-06-01-02-02-02.wav
03-01-06-02-01-01-02.wav,06,fearful,02,Audios/Actor_02/03-01-06-02-01-01-02.wav
03-01-06-02-01-02-02.wav,06,fearful,02,Audios/Actor_02/03-01-06-02-01-02-02.wav
03-01-06-02-02-01-02.wav,06,fearful,02,Audios/Actor_02/03-01-06-02-02-01-02.wav
03-01-06-02-02-02-02.wav,06,fearful,02,Audios/Actor_02/03-01-06-02-02-02-02.wav
03-01-07-01-01-01-02.wav,07,disgust,02,Audios/Actor_02/03-01-07-01-01-01-02.wav
03-01-07-01-01-02-02.wav,07,disgust,02,Audios/Actor_02/03-01-07-01-01-02-02.wav
03-01-07-01-02-01-02.wav,07,disgust,02,Audios/Actor_02/03-01-07-01-02-01-02.wav
03-01-07-01-02-02-02.wav,07,disgust,02,Audios/Actor_02/03-01-07-01-02-02-02.wav
03-01-07-02-01-01-02.wav,07,disgust,02,Audios/Actor_02/03-01-07-02-01-01-02.wav
03-01-07-02-01-02-02.wav,07,disgust,02,Audios/Actor_02/03-01-07-02-01-02-02.wav
03-01-07-02-02-01-02.wav,07,disgust,02,Audios/Actor_02/03-01-07-02-02-01-02.wav
03-01-07-02-02-02-02.wav,07,disgust,02,Audios/Actor_02/03-01-07-02-02-02-02.wav
03-01-08-01-01-01-02.wav,08,surprised,02,Audios/Actor_02/03-01-08-01-01-01-02.wav
03-01-08-01-01-02-02.wav,08,surprised,02,Audios/Actor_02/03-01-08-01-01-02-02.wav
03-01-08-01-02-01-02.wav,08,surprised,02,Audios/Actor_02/03-01-08-01-02-01-02.wav
03-01-08-01-02-02-02.wav,08,surprised,02,Audios/Actor_02/03-01-08-01-02-02-02.wav
03-01-08-02-01-01-02.wav,08,surprised,02,Audios/Actor_02/03-01-08-02-01-01-02.wav
03-01-08-02-01-02-02.wav,08,surprised,02,Audios/Actor_02/03-01-08-02-01-02-02.wav
03-01-08-02-02-01-02.wav,08,surprised,02,Audios/Actor_02/03-01-08-02-02-01-02.wav
03-01-08-02-02-02-02.wav,08,surprised,02,Audios/Actor_02/03-01-08-02-02-02-02.wav
03-01-01-01-01-01-03.wav,01,neutral,03,Audios/Actor_03/03-01-01-01-01-01-03.wav
03-01-01-01-01-02-03.wav,01,neutral,03,Audios/Actor_03/03-01-01-01-01-02-03.wav
03-01-01-01-02-01-03.wav,01,neutral,03,Audios/Actor_03/03-01-01-01-02-01-03.wav
03-01-01-01-02-02-03.wav,01,neutral,03,Audios/Actor_03/03-01-01-01-02-02-03.wav
03-01-02-01-01-01-03.wav,02,calm,03,Audios/Actor_03/03-01-02-01-01-01-03.wav
03-01-02-01-01-02-03.wav,02,calm,03,Audios/Actor_03/03-01-02-01-01-02-03.wav
03-01-02-01-02-01-03.wav,02,calm,03,Audios/Actor_03/03-01-02-01-02-01-03.wav
03-01-02-01-02-02-03.wav,02,calm,03,Audios/Actor_03/03-01-02-01-02-02-03.wav
03-01-02-02-01-01-03.wav,02,calm,03,Audios/Actor_03/03-01-02-02-01-01-03.wav
03-01-02-02-01-02-03.wav,02,calm,03,Audios/Actor_03/03-01-02-02-01-02-03.wav
03-01-02-02-02-01-03.wav,02,calm,03,Audios/Actor_03/03-01-02-02-02-01-03.wav
03-01-02-02-02-02-03.wav,02,calm,03,Audios/Actor_03/03-01-02-02-02-02-03.wav
03-01-03-01-01-01-03.wav,03,happy,03,Audios/Actor_03/03-01-03-01-01-01-03.wav
03-01-03-01-01-02-03.wav,03,happy,03,Audios/Actor_03/03-01-03-01-01-02-03.wav
03-01-03-01-02-01-03.wav,03,happy,03,Audios/Actor_03/03-01-03-01-02-01-03.wav
03-01-03-01-02-02-03.wav,03,happy,03,Audios/Actor_03/03-01-03-01-02-02-03.wav
03-01-03-02-01-01-03.wav,03,happy,03,Audios/Actor_03/03-01-03-02-01-01-03.wav
03-01-03-02-01-02-03.wav,03,happy,03,Audios/Actor_03/03-01-03-02-01-02-03.wav
03-01-03-02-02-01-03.wav,03,happy,03,Audios/Actor_03/03-01-03-02-02-01-03.wav
03-01-03-02-02-02-03.wav,03,happy,03,Audios/Actor_03/03-01-03-02-02-02-03.wav
03-01-04-01-01-01-03.wav,04,sad,03,Audios/Actor_03/03-01-04-01-01-01-03.wav
03-01-04-01-01-02-03.wav,04,sad,03,Audios/Actor_03/03-01-04-01-01-02-03.wav
03-01-04-01-02-01-03.wav,04,sad,03,Audios/Actor_03/03-01-04-01-02-01-03.wav
03-01-04-01-02-02-03.wav,04,sad,03,Audios/Actor_03/03-01-04-01-02-02-03.wav
03-01-04-02-01-01-03.wav,04,sad,03,Audios/Actor_03/03-01-04-02-01-01-03.wav
03-01-04-02-01-02-03.wav,04,sad,03,Audios/Actor_03/03-01-04-02-01-02-03.wav
03-01-04-02-02-01-03.wav,04,sad,03,Audios/Actor_03/03-01-04-02-02-01-03.wav
03-01-04-02-02-02-03.wav,04,sad,03,Audios/Actor_03/03-01-04-02-02-02-03.wav
03-01-05-01-01-01-03.wav,05,angry,03,Audios/Actor_03/03-01-05-01-01-01-03.wav
03-01-05-01-01-02-03.wav,05,angry,03,Audios/Actor_03/03-01-05-01-01-02-03.wav
03-01-05-01-02-01-03.wav,05,angry,03,Audios/Actor_03/03-01-05-01-02-01-03.wav
03-01-05-01-02-02-03.wav,05,angry,03,Audios/Actor_03/03-01-05-01-02-02-03.wav
03-01-05-02-01-01-03.wav,05,angry,03,Audios/Actor_03/03-01-05-02-01-01-03.wav
03-01-05-02-01-02-03.wav,05,angry,03,Audios/Actor_03/03-01-05-02-01-02-03.wav
03-01-05-02-02-01-03.wav,05,angry,03,Audios/Actor_03/03-01-05-02-02-01-03.wav
03-01-05-02-02-02-03.wav,05,angry,03,Audios/Actor_03/03-01-05-02-02-02-03.wav
03-01-06-01-01-01-03.wav,06,fearful,03,Audios/Actor_03/03-01-06-01-01-01-03.wav
03-01-06-01-01-02-03.wav,06,fearful,03,Audios/Actor_03/03-01-06-01-01-02-03.wav
03-01-06-01-02-01-03.wav,06,fearful,03,Audios/Actor_03/03-01-06-01-02-01-03.wav
03-01-06-01-02-02-03.wav,06,fearful,03,Audios/Actor_03/03-01-06-01-02-02-03.wav
03-01-06-02-01-01-03.wav,06,fearful,03,Audios/Actor_03/03-01-06-02-01-01-03.wav
03-01-06-02-01-02-03.wav,06,fearful,03,Audios/Actor_03/03-01-06-02-01-02-03.wav
03-01-06-02-02-01-03.wav,06,fearful,03,Audios/Actor_03/03-01-06-02-02-01-03.wav
03-01-06-02-02-02-03.wav,06,fearful,03,Audios/Actor_03/03-01-06-02-02-02-03.wav
03-01-07-01-01-01-03.wav,07,disgust,03,Audios/Actor_03/03-01-07-01-01-01-03.wav
03-01-07-01-01-02-03.wav,07,disgust,03,Audios/Actor_03/03-01-07-01-01-02-03.wav
03-01-07-01-02-01-03.wav,07,disgust,03,Audios/Actor_03/03-01-07-01-02-01-03.wav
03-01-07-01-02-02-03.wav,07,disgust,03,Audios/Actor_03/03-01-07-01-02-02-03.wav
03-01-07-02-01-01-03.wav,07,disgust,03,Audios/Actor_03/03-01-07-02-01-01-03.wav
03-01-07-02-01-02-03.wav,07,disgust,03,Audios/Actor_03/03-01-07-02-01-02-03.wav
03-01-07-02-02-01-03.wav,07,disgust,03,Audios/Actor_03/03-01-07-02-02-01-03.wav
03-01-07-02-02-02-03.wav,07,disgust,03,Audios/Actor_03/03-01-07-02-02-02-03.wav
03-01-08-01-01-01-03.wav,08,surprised,03,Audios/Actor_03/03-01-08-01-01-01-03.wav
03-01-08-01-01-02-03.wav,08,surprised,03,Audios/Actor_03/03-01-08-01-01-02-03.wav
03-01-08-01-02-01-03.wav,08,surprised,03,Audios/Actor_03/03-01-08-01-02-01-03.wav
03-01-08-01-02-02-03.wav,08,surprised,03,Audios/Actor_03/03-01-08-01-02-02-03.wav
03-01-08-02-01-01-03.wav,08,surprised,03,Audios/Actor_03/03-01-08-02-01-01-03.wav
03-01-08-02-01-02-03.wav,08,surprised,03,Audios/Actor_03/03-01-08-02-01-02-03.wav
03-01-08-02-02-01-03.wav,08,surprised,03,Audios/Actor_03/03-01-08-02-02-01-03.wav
03-01-08-02-02-02-03.wav,08,surprised,03,Audios/Actor_03/03-01-08-02-02-02-03.wav
03-01-01-01-01-01-04.wav,01,neutral,04,Audios/Actor_04/03-01-01-01-01-01-04.wav
03-01-01-01-01-02-04.wav,01,neutral,04,Audios/Actor_04/03-01-01-01-01-02-04.wav
03-01-01-01-02-01-04.wav,01,neutral,04,Audios/Actor_04/03-01-01-01-02-01-04.wav
03-01-01-01-02-02-04.wav,01,neutral,04,Audios/Actor_04/03-01-01-01-02-02-04.wav
03-01-02-01-01-01-04.wav,02,calm,04,Audios/Actor_04/03-01-02-01-01-01-04.wav
03-01-02-01-01-02-04.wav,02,calm,04,Audios/Actor_04/03-01-02-01-01-02-04.wav
03-01-02-01-02-01-04.wav,02,calm,04,Audios/Actor_04/03-01-02-01-02-01-04.wav
03-01-02-01-02-02-04.wav,02,calm,04,Audios/Actor_04/03-01-02-01-02-02-04.wav
03-01-02-02-01-01-04.wav,02,calm,04,Audios/Actor_04/03-01-02-02-01-01-04.wav
03-01-02-02-01-02-04.wav,02,calm,04,Audios/Actor_04/03-01-02-02-01-02-04.wav
03-01-02-02-02-01-04.wav,02,calm,04,Audios/Actor_04/03-01-02-02-02-01-04.wav
03-01-02-02-02-02-04.wav,02,calm,04,Audios/Actor_04/03-01-02-02-02-02-04.wav
03-01-03-01-01-01-04.wav,03,happy,04,Audios/Actor_04/03-01-03-01-01-01-04.wav
03-01-03-01-01-02-04.wav,03,happy,04,Audios/Actor_04/03-01-03-01-01-02-04.wav
03-01-03-01-02-01-04.wav,03,happy,04,Audios/Actor_04/03-01-03-01-02-01-04.wav
03-01-03-01-02-02-04.wav,03,happy,04,Audios/Actor_04/03-01-03-01-02-02-04.wav
03-01-03-02-01-01-04.wav,03,happy,04,Audios/Actor_04/03-01-03-02-01-01-04.wav
03-01-03-02-01-02-04.wav,03,happy,04,Audios/Actor_04/03-01-03-02-01-02-04.wav
03-01-03-02-02-01-04.wav,03,happy,04,Audios/Actor_04/03-01-03-02-02-01-04.wav
03-01-03-02-02-02-04.wav,03,happy,04,Audios/Actor_04/03-01-03-02-02-02-04.wav
03-01-04-01-01-01-04.wav,04,sad,04,Audios/Actor_04/03-01-04-01-01-01-04.wav
03-01-04-01-01-02-04.wav,04,sad,04,Audios/Actor_04/03-01-04-01-01-02-04.wav
03-01-04-01-02-01-04.wav,04,sad,04,Audios/Actor_04/03-01-04-01-02-01-04.wav
03-01-04-01-02-02-04.wav,04,sad,04,Audios/Actor_04/03-01-04-01-02-02-04.wav
03-01-04-02-01-01-04.wav,04,sad,04,Audios/Actor_04/03-01-04-02-01-01-04.wav
03-01-04-02-01-02-04.wav,04,sad,04,Audios/Actor_04/03-01-04-02-01-02-04.wav
03-01-04-02-02-01-04.wav,04,sad,04,Audios/Actor_04/03-01-04-02-02-01-04.wav
03-01-04-02-02-02-04.wav,04,sad,04,Audios/Actor_04/03-01-04-02-02-02-04.wav
03-01-05-01-01-01-04.wav,05,angry,04,Audios/Actor_04/03-01-05-01-01-01-04.wav
03-01-05-01-01-02-04.wav,05,angry,04,Audios/Actor_04/03-01-05-01-01-02-04.wav
03-01-05-01-02-01-04.wav,05,angry,04,Audios/Actor_04/03-01-05-01-02-01-04.wav
03-01-05-01-02-02-04.wav,05,angry,04,Audios/Actor_04/03-01-05-01-02-02-04.wav
03-01-05-02-01-01-04.wav,05,angry,04,Audios/Actor_04/03-01-05-02-01-01-04.wav
03-01-05-02-01-02-04.wav,05,angry,04,Audios/Actor_04/03-01-05-02-01-02-04.wav
03-01-05-02-02-01-04.wav,05,angry,04,Audios/Actor_04/03-01-05-02-02-01-04.wav
03-01-05-02-02-02-04.wav,05,angry,04,Audios/Actor_04/03-01-05-02-02-02-04.wav
03-01-06-01-01-01-04.wav,06,fearful,04,Audios/Actor_04/03-01-06-01-01-01-04.wav
03-01-06-01-01-02-04.wav,06,fearful,04,Audios/Actor_04/03-01-06-01-01-02-04.wav
03-01-06-01-02-01-04.wav,06,fearful,04,Audios/Actor_04/03-01-06-01-02-01-04.wav
03-01-06-01-02-02-04.wav,06,fearful,04,Audios/Actor_04/03-01-06-01-02-02-04.wav
03-01-06-02-01-01-04.wav,06,fearful,04,Audios/Actor_04/03-01-06-02-01-01-04.wav
03-01-06-02-01-02-04.wav,06,fearful,04,Audios/Actor_04/03-01-06-02-01-02-04.wav
03-01-06-02-02-01-04.wav,06,fearful,04,Audios/Actor_04/03-01-06-02-02-01-04.wav
03-01-06-02-02-02-04.wav,06,fearful,04,Audios/Actor_04/03-01-06-02-02-02-04.wav
03-01-07-01-01-01-04.wav,07,disgust,04,Audios/Actor_04/03-01-07-01-01-01-04.wav
03-01-07-01-01-02-04.wav,07,disgust,04,Audios/Actor_04/03-01-07-01-01-02-04.wav
03-01-07-01-02-01-04.wav,07,disgust,04,Audios/Actor_04/03-01-07-01-02-01-04.wav
03-01-07-01-02-02-04.wav,07,disgust,04,Audios/Actor_04/03-01-07-01-02-02-04.wav
03-01-07-02-01-01-04.wav,07,disgust,04,Audios/Actor_04/03-01-07-02-01-01-04.wav
03-01-07-02-01-02-04.wav,07,disgust,04,Audios/Actor_04/03-01-07-02-01-02-04.wav
03-01-07-02-02-01-04.wav,07,disgust,04,Audios/Actor_04/03-01-07-02-02-01-04.wav
03-01-07-02-02-02-04.wav,07,disgust,04,Audios/Actor_04/03-01-07-02-02-02-04.wav
03-01-08-01-01-01-04.wav,08,surprised,04,Audios/Actor_04/03-01-08-01-01-01-04.wav
03-01-08-01-01-02-04.wav,08,surprised,04,Audios/Actor_04/03-01-08-01-01-02-04.wav
03-01-08-01-02-01-04.wav,08,surprised,04,Audios/Actor_04/03-01-08-01-02-01-04.wav
03-01-08-01-02-02-04.wav,08,surprised,04,Audios/Actor_04/03-01-08-01-02-02-04.wav
03-01-08-02-01-01-04.wav,08,surprised,04,Audios/Actor_04/03-01-08-02-01-01-04.wav
03-01-08-02-01-02-04.wav,08,surprised,04,Audios/Actor_04/03-01-08-02-01-02-04.wav
03-01-08-02-02-01-04.wav,08,surprised,04,Audios/Actor_04/03-01-08-02-02-01-04.wav
03-01-08-02-02-02-04.wav,08,surprised,04,Audios/Actor_04/03-01-08-02-02-02-04.wav
03-01-01-01-01-01-05.wav,01,neutral,05,Audios/Actor_05/03-01-01-01-01-01-05.wav
03-01-01-01-01-02-05.wav,01,neutral,05,Audios/Actor_05/03-01-01-01-01-02-05.wav
03-01-01-01-02-01-05.wav,01,neutral,05,Audios/Actor_05/03-01-01-01-02-01-05.wav
03-01-01-01-02-02-05.wav,01,neutral,05,Audios/Actor_05/03-01-01-01-02-02-05.wav
03-01-02-01-01-01-05.wav,02,calm,05,Audios/Actor_05/03-01-02-01-01-01-05.wav
03-01-02-01-01-02-05.wav,02,calm,05,Audios/Actor_05/03-01-02-01-01-02-05.wav
03-01-02-01-02-01-05.wav,02,calm,05,Audios/Actor_05/03-01-02-01-02-01-05.wav
03-01-02-01-02-02-05.wav,02,calm,05,Audios/Actor_05/03-01-02-01-02-02-05.wav
03-01-02-02-01-01-05.wav,02,calm,05,Audios/Actor_05/03-01-02-02-01-01-05.wav
03-01-02-02-01-02-05.wav,02,calm,05,Audios/Actor_05/03-01-02-02-01-02-05.wav
03-01-02-02-02-01-05.wav,02,calm,05,Audios/Actor_05/03-01-02-02-02-01-05.wav
03-01-02-02-02-02-05.wav,02,calm,05,Audios/Actor_05/03-01-02-02-02-02-05.wav
03-01-03-01-01-01-05.wav,03,happy,05,Audios/Actor_05/03-01-03-01-01-01-05.wav
03-01-03-01-01-02-05.wav,03,happy,05,Audios/Actor_05/03-01-03-01-01-02-05.wav
03-01-03-01-02-01-05.wav,03,happy,05,Audios/Actor_05/03-01-03-01-02-01-05.wav
03-01-03-01-02-02-05.wav,03,happy,05,Audios/Actor_05/03-01-03-01-02-02-05.wav
03-01-03-02-01-01-05.wav,03,happy,05,Audios/Actor_05/03-01-03-02-01-01-05.wav
03-01-03-02-01-02-05.wav,03,happy,05,Audios/Actor_05/03-01-03-02-01-02-05.wav
03-01-03-02-02-01-05.wav,03,happy,05,Audios/Actor_05/03-01-03-02-02-01-05.wav
03-01-03-02-02-02-05.wav,03,happy,05,Audios/Actor_05/03-01-03-02-02-02-05.wav
03-01-04-01-01-01-05.wav,04,sad,05,Audios/Actor_05/03-01-04-01-01-01-05.wav
03-01-04-01-01-02-05.wav,04,sad,05,Audios/Actor_05/03-01-04-01-01-02-05.wav
03-01-04-01-02-01-05.wav,04,sad,05,Audios/Actor_05/03-01-04-01-02-01-05.wav
03-01-04-01-02-02-05.wav,04,sad,05,Audios/Actor_05/03-01-04-01-02-02-05.wav
03-01-04-02-01-01-05.wav,04,sad,05,Audios/Actor_05/03-01-04-02-01-01-05.wav
03-01-04-02-01-02-05.wav,04,sad,05,Audios/Actor_05/03-01-04-02-01-02-05.wav
03-01-04-02-02-01-05.wav,04,sad,05,Audios/Actor_05/03-01-04-02-02-01-05.wav
03-01-04-02-02-02-05.wav,04,sad,05,Audios/Actor_05/03-01-04-02-02-02-05.wav
03-01-05-01-01-01-05.wav,05,angry,05,Audios/Actor_05/03-01-05-01-01-01-05.wav
03-01-05-01-01-02-05.wav,05,angry,05,Audios/Actor_05/03-01-05-01-01-02-05.wav
03-01-05-01-02-01-05.wav,05,angry,05,Audios/Actor_05/03-01-05-01-02-01-05.wav
03-01-05-01-02-02-05.wav,05,angry,05,Audios/Actor_05/03-01-05-01-02-02-05.wav
03-01-05-02-01-01-05.wav,05,angry,05,Audios/Actor_05/03-01-05-02-01-01-05.wav
03-01-05-02-01-02-05.wav,05,angry,05,Audios/Actor_05/03-01-05-02-01-02-05.wav
03-01-05-02-02-01-05.wav,05,angry,05,Audios/Actor_05/03-01-05-02-02-01-05.wav
03-01-05-02-02-02-05.wav,05,angry,05,Audios/Actor_05/03-01-05-02-02-02-05.wav
03-01-06-01-01-01-05.wav,06,fearful,05,Audios/Actor_05/03-01-06-01-01-01-05.wav
03-01-06-01-01-02-05.wav,06,fearful,05,Audios/Actor_05/03-01-06-01-01-02-05.wav
03-01-06-01-02-01-05.wav,06,fearful,05,Audios/Actor_05/03-01-06-01-02-01-05.wav
03-01-06-01-02-02-05.wav,06,fearful,05,Audios/Actor_05/03-01-06-01-02-02-05.wav
03-01-06-02-01-01-05.wav,06,fearful,05,Audios/Actor_05/03-01-06-02-01-01-05.wav
03-01-06-02-01-02-05.wav,06,fearful,05,Audios/Actor_05/03-01-06-02-01-02-05.wav
03-01-06-02-02-01-05.wav,06,fearful,05,Audios/Actor_05/03-01-06-02-02-01-05.wav
03-01-06-02-02-02-05.wav,06,fearful,05,Audios/Actor_05/03-01-06-02-02-02-05.wav
03-01-07-01-01-01-05.wav,07,disgust,05,Audios/Actor_05/03-01-07-01-01-01-05.wav
03-01-07-01-01-02-05.wav,07,disgust,05,Audios/Actor_05/03-01-07-01-01-02-05.wav
03-01-07-01-02-01-05.wav,07,disgust,05,Audios/Actor_05/03-01-07-01-02-01-05.wav
03-01-07-01-02-02-05.wav,07,disgust,05,Audios/Actor_05/03-01-07-01-02-02-05.wav
03-01-07-02-01-01-05.wav,07,disgust,05,Audios/Actor_05/03-01-07-02-01-01-05.wav
03-01-07-02-01-02-05.wav,07,disgust,05,Audios/Actor_05/03-01-07-02-01-02-05.wav
03-01-07-02-02-01-05.wav,07,disgust,05,Audios/Actor_05/03-01-07-02-02-01-05.wav
03-01-07-02-02-02-05.wav,07,disgust,05,Audios/Actor_05/03-01-07-02-02-02-05.wav
03-01-08-01-01-01-05.wav,08,surprised,05,Audios/Actor_05/03-01-08-01-01-01-05.wav
03-01-08-01-01-02-05.wav,08,surprised,05,Audios/Actor_05/03-01-08-01-01-02-05.wav
03-01-08-01-02-01-05.wav,08,surprised,05,Audios/Actor_05/03-01-08-01-02-01-05.wav
03-01-08-01-02-02-05.wav,08,surprised,05,Audios/Actor_05/03-01-08-01-02-02-05.wav
03-01-08-02-01-01-05.wav,08,surprised,05,Audios/Actor_05/03-01-08-02-01-01-05.wav
03-01-08-02-01-02-05.wav,08,surprised,05,Audios/Actor_05/03-01-08-02-01-02-05.wav
03-01-08-02-02-01-05.wav,08,surprised,05,Audios/Actor_05/03-01-08-02-02-01-05.wav
03-01-08-02-02-02-05.wav,08,surprised,05,Audios/Actor_05/03-01-08-02-02-02-05.wav
03-01-01-01-01-01-06.wav,01,neutral,06,Audios/Actor_06/03-01-01-01-01-01-06.wav
03-01-01-01-01-02-06.wav,01,neutral,06,Audios/Actor_06/03-01-01-01-01-02-06.wav
03-01-01-01-02-01-06.wav,01,neutral,06,Audios/Actor_06/03-01-01-01-02-01-06.wav
03-01-01-01-02-02-06.wav,01,neutral,06,Audios/Actor_06/03-01-01-01-02-02-06.wav
03-01-02-01-01-01-06.wav,02,calm,06,Audios/Actor_06/03-01-02-01-01-01-06.wav
03-01-02-01-01-02-06.wav,02,calm,06,Audios/Actor_06/03-01-02-01-01-02-06.wav
03-01-02-01-02-01-06.wav,02,calm,06,Audios/Actor_06/03-01-02-01-02-01-06.wav
03-01-02-01-02-02-06.wav,02,calm,06,Audios/Actor_06/03-01-02-01-02-02-06.wav
03-01-02-02-01-01-06.wav,02,calm,06,Audios/Actor_06/03-01-02-02-01-01-06.wav
03-01-02-02-01-02-06.wav,02,calm,06,Audios/Actor_06/03-01-02-02-01-02-06.wav
03-01-02-02-02-01-06.wav,02,calm,06,Audios/Actor_06/03-01-02-02-02-01-06.wav
03-01-02-02-02-02-06.wav,02,calm,06,Audios/Actor_06/03-01-02-02-02-02-06.wav
03-01-03-01-01-01-06.wav,03,happy,06,Audios/Actor_06/03-01-03-01-01-01-06.wav
03-01-03-01-01-02-06.wav,03,happy,06,Audios/Actor_06/03-01-03-01-01-02-06.wav
03-01-03-01-02-01-06.wav,03,happy,06,Audios/Actor_06/03-01-03-01-02-01-06.wav
03-01-03-01-02-02-06.wav,03,happy,06,Audios/Actor_06/03-01-03-01-02-02-06.wav
03-01-03-02-01-01-06.wav,03,happy,06,Audios/Actor_06/03-01-03-02-01-01-06.wav
03-01-03-02-01-02-06.wav,03,happy,06,Audios/Actor_06/03-01-03-02-01-02-06.wav
03-01-03-02-02-01-06.wav,03,happy,06,Audios/Actor_06/03-01-03-02-02-01-06.wav
03-01-03-02-02-02-06.wav,03,happy,06,Audios/Actor_06/03-01-03-02-02-02-06.wav
03-01-04-01-01-01-06.wav,04,sad,06,Audios/Actor_06/03-01-04-01-01-01-06.wav
03-01-04-01-01-02-06.wav,04,sad,06,Audios/Actor_06/03-01-04-01-01-02-06.wav
03-01-04-01-02-01-06.wav,04,sad,06,Audios/Actor_06/03-01-04-01-02-01-06.wav
03-01-04-01-02-02-06.wav,04,sad,06,Audios/Actor_06/03-01-04-01-02-02-06.wav
03-01-04-02-01-01-06.wav,04,sad,06,Audios/Actor_06/03-01-04-02-01-01-06.wav
03-01-04-02-01-02-06.wav,04,sad,06,Audios/Actor_06/03-01-04-02-01-02-06.wav
03-01-04-02-02-01-06.wav,04,sad,06,Audios/Actor_06/03-01-04-02-02-01-06.wav
03-01-04-02-02-02-06.wav,04,sad,06,Audios/Actor_06/03-01-04-02-02-02-06.wav
03-01-05-01-01-01-06.wav,05,angry,06,Audios/Actor_06/03-01-05-01-01-01-06.wav
03-01-05-01-01-02-06.wav,05,angry,06,Audios/Actor_06/03-01-05-01-01-02-06.wav
03-01-05-01-02-01-06.wav,05,angry,06,Audios/Actor_06/03-01-05-01-02-01-06.wav
03-01-05-01-02-02-06.wav,05,angry,06,Audios/Actor_06/03-01-05-01-02-02-06.wav
03-01-05-02-01-01-06.wav,05,angry,06,Audios/Actor_06/03-01-05-02-01-01-06.wav
03-01-05-02-01-02-06.wav,05,angry,06,Audios/Actor_06/03-01-05-02-01-02-06.wav
03-01-05-02-02-01-06.wav,05,angry,06,Audios/Actor_06/03-01-05-02-02-01-06.wav
03-01-05-02-02-02-06.wav,05,angry,06,Audios/Actor_06/03-01-05-02-02-02-06.wav
03-01-06-01-01-01-06.wav,06,fearful,06,Audios/Actor_06/03-01-06-01-01-01-06.wav
03-01-06-01-01-02-06.wav,06,fearful,06,Audios/Actor_06/03-01-06-01-01-02-06.wav
03-01-06-01-02-01-06.wav,06,fearful,06,Audios/Actor_06/03-01-06-01-02-01-06.wav
03-01-06-01-02-02-06.wav,06,fearful,06,Audios/Actor_06/03-01-06-01-02-02-06.wav
03-01-06-02-01-01-06.wav,06,fearful,06,Audios/Actor_06/03-01-06-02-01-01-06.wav
03-01-06-02-01-02-06.wav,06,fearful,06,Audios/Actor_06/03-01-06-02-01-02-06.wav
03-01-06-02-02-01-06.wav,06,fearful,06,Audios/Actor_06/03-01-06-02-02-01-06.wav
03-01-06-02-02-02-06.wav,06,fearful,06,Audios/Actor_06/03-01-06-02-02-02-06.wav
03-01-07-01-01-01-06.wav,07,disgust,06,Audios/Actor_06/03-01-07-01-01-01-06.wav
03-01-07-01-01-02-06.wav,07,disgust,06,Audios/Actor_06/03-01-07-01-01-02-06.wav
03-01-07-01-02-01-06.wav,07,disgust,06,Audios/Actor_06/03-01-07-01-02-01-06.wav
03-01-07-01-02-02-06.wav,07,disgust,06,Audios/Actor_06/03-01-07-01-02-02-06.wav
03-01-07-02-01-01-06.wav,07,disgust,06,Audios/Actor_06/03-01-07-02-01-01-06.wav
03-01-07-02-01-02-06.wav,07,disgust,06,Audios/Actor_06/03-01-07-02-01-02-06.wav
03-01-07-02-02-01-06.wav,07,disgust,06,Audios/Actor_06/03-01-07-02-02-01-06.wav
03-01-07-02-02-02-06.wav,07,disgust,06,Audios/Actor_06/03-01-07-02-02-02-06.wav
03-01-08-01-01-01-06.wav,08,surprised,06,Audios/Actor_06/03-01-08-01-01-01-06.wav
03-01-08-01-01-02-06.wav,08,surprised,06,Audios/Actor_06/03-01-08-01-01-02-06.wav
03-01-08-01-02-01-06.wav,08,surprised,06,Audios/Actor_06/03-01-08-01-02-01-06.wav
03-01-08-01-02-02-06.wav,08,surprised,06,Audios/Actor_06/03-01-08-01-02-02-06.wav
03-01-08-02-01-01-06.wav,08,surprised,06,Audios/Actor_06/03-01-08-02-01-01-06.wav
03-01-08-02-01-02-06.wav,08,surprised,06,Audios/Actor_06/03-01-08-02-01-02-06.wav
03-01-08-02-02-01-06.wav,08,surprised,06,Audios/Actor_06/03-01-08-02-02-01-06.wav
03-01-08-02-02-02-06.wav,08,surprised,06,Audios/Actor_06/03-01-08-02-02-02-06.wav
03-01-01-01-01-01-07.wav,01,neutral,07,Audios/Actor_07/03-01-01-01-01-01-07.wav
03-01-01-01-01-02-07.wav,01,neutral,07,Audios/Actor_07/03-01-01-01-01-02-07.wav
03-01-01-01-02-01-07.wav,01,neutral,07,Audios/Actor_07/03-01-01-01-02-01-07.wav
03-01-01-01-02-02-07.wav,01,neutral,07,Audios/Actor_07/03-01-01-01-02-02-07.wav
03-01-02-01-01-01-07.wav,02,calm,07,Audios/Actor_07/03-01-02-01-01-01-07.wav
03-01-02-01-01-02-07.wav,02,calm,07,Audios/Actor_07/03-01-02-01-01-02-07.wav
03-01-02-01-02-01-07.wav,02,calm,07,Audios/Actor_07/03-01-02-01-02-01-07.wav
03-01-02-01-02-02-07.wav,02,calm,07,Audios/Actor_07/03-01-02-01-02-02-07.wav
03-01-02-02-01-01-07.wav,02,calm,07,Audios/Actor_07/03-01-02-02-01-01-07.wav
03-01-02-02-01-02-07.wav,02,calm,07,Audios/Actor_07/03-01-02-02-01-02-07.wav
03-01-02-02-02-01-07.wav,02,calm,07,Audios/Actor_07/03-01-02-02-02-01-07.wav
03-01-02-02-02-02-07.wav,02,calm,07,Audios/Actor_07/03-01-02-02-02-02-07.wav
03-01-03-01-01-01-07.wav,03,happy,07,Audios/Actor_07/03-01-03-01-01-01-07.wav
03-01-03-01-01-02-07.wav,03,happy,07,Audios/Actor_07/03-01-03-01-01-02-07.wav
03-01-03-01-02-01-07.wav,03,happy,07,Audios/Actor_07/03-01-03-01-02-01-07.wav
03-01-03-01-02-02-07.wav,03,happy,07,Audios/Actor_07/03-01-03-01-02-02-07.wav
03-01-03-02-01-01-07.wav,03,happy,07,Audios/Actor_07/03-01-03-02-01-01-07.wav
03-01-03-02-01-02-07.wav,03,happy,07,Audios/Actor_07/03-01-03-02-01-02-07.wav
03-01-03-02-02-01-07.wav,03,happy,07,Audios/Actor_07/03-01-03-02-02-01-07.wav
03-01-03-02-02-02-07.wav,03,happy,07,Audios/Actor_07/03-01-03-02-02-02-07.wav
03-01-04-01-01-01-07.wav,04,sad,07,Audios/Actor_07/03-01-04-01-01-01-07.wav
03-01-04-01-01-02-07.wav,04,sad,07,Audios/Actor_07/03-01-04-01-01-02-07.wav
03-01-04-01-02-01-07.wav,04,sad,07,Audios/Actor_07/03-01-04-01-02-01-07.wav
03-01-04-01-02-02-07.wav,04,sad,07,Audios/Actor_07/03-01-04-01-02-02-07.wav
03-01-04-02-01-01-07.wav,04,sad,07,Audios/Actor_07/03-01-04-02-01-01-07.wav
03-01-04-02-01-02-07.wav,04,sad,07,Audios/Actor_07/03-01-04-02-01-02-07.wav
03-01-04-02-02-01-07.wav,04,sad,07,Audios/Actor_07/03-01-04-02-02-01-07.wav
03-01-04-02-02-02-07.wav,04,sad,07,Audios/Actor_07/03-01-04-02-02-02-07.wav
03-01-05-01-01-01-07.wav,05,angry,07,Audios/Actor_07/03-01-05-01-01-01-07.wav
03-01-05-01-01-02-07.wav,05,angry,07,Audios/Actor_07/03-01-05-01-01-02-07.wav
03-01-05-01-02-01-07.wav,05,angry,07,Audios/Actor_07/03-01-05-01-02-01-07.wav
03-01-05-01-02-02-07.wav,05,angry,07,Audios/Actor_07/03-01-05-01-02-02-07.wav
03-01-05-02-01-01-07.wav,05,angry,07,Audios/Actor_07/03-01-05-02-01-01-07.wav
03-01-05-02-01-02-07.wav,05,angry,07,Audios/Actor_07/03-01-05-02-01-02-07.wav
03-01-05-02-02-01-07.wav,05,angry,07,Audios/Actor_07/03-01-05-02-02-01-07.wav
03-01-05-02-02-02-07.wav,05,angry,07,Audios/Actor_07/03-01-05-02-02-02-07.wav
03-01-06-01-01-01-07.wav,06,fearful,07,Audios/Actor_07/03-01-06-01-01-01-07.wav
03-01-06-01-01-02-07.wav,06,fearful,07,Audios/Actor_07/03-01-06-01-01-02-07.wav
03-01-06-01-02-01-07.wav,06,fearful,07,Audios/Actor_07/03-01-06-01-02-01-07.wav
03-01-06-01-02-02-07.wav,06,fearful,07,Audios/Actor_07/03-01-06-01-02-02-07.wav
03-01-06-02-01-01-07.wav,06,fearful,07,Audios/Actor_07/03-01-06-02-01-01-07.wav
03-01-06-02-01-02-07.wav,06,fearful,07,Audios/Actor_07/03-01-06-02-01-02-07.wav
03-01-06-02-02-01-07.wav,06,fearful,07,Audios/Actor_07/03-01-06-02-02-01-07.wav
03-01-06-02-02-02-07.wav,06,fearful,07,Audios/Actor_07/03-01-06-02-02-02-07.wav
03-01-07-01-01-01-07.wav,07,disgust,07,Audios/Actor_07/03-01-07-01-01-01-07.wav
03-01-07-01-01-02-07.wav,07,disgust,07,Audios/Actor_07/03-01-07-01-01-02-07.wav
03-01-07-01-02-01-07.wav,07,disgust,07,Audios/Actor_07/03-01-07-01-02-01-07.wav
03-01-07-01-02-02-07.wav,07,disgust,07,Audios/Actor_07/03-01-07-01-02-02-07.wav
03-01-07-02-01-01-07.wav,07,disgust,07,Audios/Actor_07/03-01-07-02-01-01-07.wav
03-01-07-02-01-02-07.wav,07,disgust,07,Audios/Actor_07/03-01-07-02-01-02-07.wav
03-01-07-02-02-01-07.wav,07,disgust,07,Audios/Actor_07/03-01-07-02-02-01-07.wav
03-01-07-02-02-02-07.wav,07,disgust,07,Audios/Actor_07/03-01-07-02-02-02-07.wav
03-01-08-01-01-01-07.wav,08,surprised,07,Audios/Actor_07/03-01-08-01-01-01-07.wav
03-01-08-01-01-02-07.wav,08,surprised,07,Audios/Actor_07/03-01-08-01-01-02-07.wav
03-01-08-01-02-01-07.wav,08,surprised,07,Audios/Actor_07/03-01-08-01-02-01-07.wav
03-01-08-01-02-02-07.wav,08,surprised,07,Audios/Actor_07/03-01-08-01-02-02-07.wav
03-01-08-02-01-01-07.wav,08,surprised,07,Audios/Actor_07/03-01-08-02-01-01-07.wav
03-01-08-02-01-02-07.wav,08,surprised,07,Audios/Actor_07/03-01-08-02-01-02-07.wav
03-01-08-02-02-01-07.wav,08,surprised,07,Audios/Actor_07/03-01-08-02-02-01-07.wav
03-01-08-02-02-02-07.wav,08,surprised,07,Audios/Actor_07/03-01-08-02-02-02-07.wav
03-01-01-01-01-01-08.wav,01,neutral,08,Audios/Actor_08/03-01-01-01-01-01-08.wav
03-01-01-01-01-02-08.wav,01,neutral,08,Audios/Actor_08/03-01-01-01-01-02-08.wav
03-01-01-01-02-01-08.wav,01,neutral,08,Audios/Actor_08/03-01-01-01-02-01-08.wav
03-01-01-01-02-02-08.wav,01,neutral,08,Audios/Actor_08/03-01-01-01-02-02-08.wav
03-01-02-01-01-01-08.wav,02,calm,08,Audios/Actor_08/03-01-02-01-01-01-08.wav
03-01-02-01-01-02-08.wav,02,calm,08,Audios/Actor_08/03-01-02-01-01-02-08.wav
03-01-02-01-02-01-08.wav,02,calm,08,Audios/Actor_08/03-01-02-01-02-01-08.wav
03-01-02-01-02-02-08.wav,02,calm,08,Audios/Actor_08/03-01-02-01-02-02-08.wav
03-01-02-02-01-01-08.wav,02,calm,08,Audios/Actor_08/03-01-02-02-01-01-08.wav
03-01-02-02-01-02-08.wav,02,calm,08,Audios/Actor_08/03-01-02-02-01-02-08.wav
03-01-02-02-02-01-08.wav,02,calm,08,Audios/Actor_08/03-01-02-02-02-01-08.wav
03-01-02-02-02-02-08.wav,02,calm,08,Audios/Actor_08/03-01-02-02-02-02-08.wav
03-01-03-01-01-01-08.wav,03,happy,08,Audios/Actor_08/03-01-03-01-01-01-08.wav
03-01-03-01-01-02-08.wav,03,happy,08,Audios/Actor_08/03-01-03-01-01-02-08.wav
03-01-03-01-02-01-08.wav,03,happy,08,Audios/Actor_08/03-01-03-01-02-01-08.wav
03-01-03-01-02-02-08.wav,03,happy,08,Audios/Actor_08/03-01-03-01-02-02-08.wav
03-01-03-02-01-01-08.wav,03,happy,08,Audios/Actor_08/03-01-03-02-01-01-08.wav
03-01-03-02-01-02-08.wav,03,happy,08,Audios/Actor_08/03-01-03-02-01-02-08.wav
03-01-03-02-02-01-08.wav,03,happy,08,Audios/Actor_08/03-01-03-02-02-01-08.wav
03-01-03-02-02-02-08.wav,03,happy,08,Audios/Actor_08/03-01-03-02-02-02-08.wav
03-01-04-01-01-01-08.wav,04,sad,08,Audios/Actor_08/03-01-04-01-01-01-08.wav
03-01-04-01-01-02-08.wav,04,sad,08,Audios/Actor_08/03-01-04-01-01-02-08.wav
03-01-04-01-02-01-08.wav,04,sad,08,Audios/Actor_08/03-01-04-01-02-01-08.wav
03-01-04-01-02-02-08.wav,04,sad,08,Audios/Actor_08/03-01-04-01-02-02-08.wav
03-01-04-02-01-01-08.wav,04,sad,08,Audios/Actor_08/03-01-04-02-01-01-08.wav
03-01-04-02-01-02-08.wav,04,sad,08,Audios/Actor_08/03-01-04-02-01-02-08.wav
03-01-04-02-02-01-08.wav,04,sad,08,Audios/Actor_08/03-01-04-02-02-01-08.wav
03-01-04-02-02-02-08.wav,04,sad,08,Audios/Actor_08/03-01-04-02-02-02-08.wav
03-01-05-01-01-01-08.wav,05,angry,08,Audios/Actor_08/03-01-05-01-01-01-08.wav
03-01-05-01-01-02-08.wav,05,angry,08,Audios/Actor_08/03-01-05-01-01-02-08.wav
03-01-05-01-02-01-08.wav,05,angry,08,Audios/Actor_08/03-01-05-01-02-01-08.wav
03-01-05-01-02-02-08.wav,05,angry,08,Audios/Actor_08/03-01-05-01-02-02-08.wav
03-01-05-02-01-01-08.wav,05,angry,08,Audios/Actor_08/03-01-05-02-01-01-08.wav
03-01-05-02-01-02-08.wav,05,angry,08,Audios/Actor_08/03-01-05-02-01-02-08.wav
03-01-05-02-02-01-08.wav,05,angry,08,Audios/Actor_08/03-01-05-02-02-01-08.wav
03-01-05-02-02-02-08.wav,05,angry,08,Audios/Actor_08/03-01-05-02-02-02-08.wav
03-01-06-01-01-01-08.wav,06,fearful,08,Audios/Actor_08/03-01-06-01-01-01-08.wav
03-01-06-01-01-02-08.wav,06,fearful,08,Audios/Actor_08/03-01-06-01-01-02-08.wav
03-01-06-01-02-01-08.wav,06,fearful,08,Audios/Actor_08/03-01-06-01-02-01-08.wav
03-01-06-01-02-02-08.wav,06,fearful,08,Audios/Actor_08/03-01-06-01-02-02-08.wav
03-01-06-02-01-01-08.wav,06,fearful,08,Audios/Actor_08/03-01-06-02-01-01-08.wav
03-01-06-02-01-02-08.wav,06,fearful,08,Audios/Actor_08/03-01-06-02-01-02-08.wav
03-01-06-02-02-01-08.wav,06,fearful,08,Audios/Actor_08/03-01-06-02-02-01-08.wav
03-01-06-02-02-02-08.wav,06,fearful,08,Audios/Actor_08/03-01-06-02-02-02-08.wav
03-01-07-01-01-01-08.wav,07,disgust,08,Audios/Actor_08/03-01-07-01-01-01-08.wav
03-01-07-01-01-02-08.wav,07,disgust,08,Audios/Actor_08/03-01-07-01-01-02-08.wav
03-01-07-01-02-01-08.wav,07,disgust,08,Audios/Actor_08/03-01-07-01-02-01-08.wav
03-01-07-01-02-02-08.wav,07,disgust,08,Audios/Actor_08/03-01-07-01-02-02-08.wav
03-01-07-02-01-01-08.wav,07,disgust,08,Audios/Actor_08/03-01-07-02-01-01-08.wav
03-01-07-02-01-02-08.wav,07,disgust,08,Audios/Actor_08/03-01-07-02-01-02-08.wav
03-01-07-02-02-01-08.wav,07,disgust,08,Audios/Actor_08/03-01-07-02-02-01-08.wav
03-01-07-02-02-02-08.wav,07,disgust,08,Audios/Actor_08/03-01-07-02-02-02-08.wav
03-01-08-01-01-01-08.wav,08,surprised,08,Audios/Actor_08/03-01-08-01-01-01-08.wav
03-01-08-01-01-02-08.wav,08,surprised,08,Audios/Actor_08/03-01-08-01-01-02-08.wav
03-01-08-01-02-01-08.wav,08,surprised,08,Audios/Actor_08/03-01-08-01-02-01-08.wav
03-01-08-01-02-02-08.wav,08,surprised,08,Audios/Actor_08/03-01-08-01-02-02-08.wav
03-01-08-02-01-01-08.wav,08,surprised,08,Audios/Actor_08/03-01-08-02-01-01-08.wav
03-01-08-02-01-02-08.wav,08,surprised,08,Audios/Actor_08/03-01-08-02-01-02-08.wav
03-01-08-02-02-01-08.wav,08,surprised,08,Audios/Actor_08/03-01-08-02-02-01-08.wav
03-01-08-02-02-02-08.wav,08,surprised,08,Audios/Actor_08/03-01-08-02-02-02-08.wav
03-01-01-01-01-01-09.wav,01,neutral,09,Audios/Actor_09/03-01-01-01-01-01-09.wav
03-01-01-01-01-02-09.wav,01,neutral,09,Audios/Actor_09/03-01-01-01-01-02-09.wav
03-01-01-01-02-01-09.wav,01,neutral,09,Audios/Actor_09/03-01-01-01-02-01-09.wav
03-01-01-01-02-02-09.wav,01,neutral,09,Audios/Actor_09/03-01-01-01-02-02-09.wav
03-01-02-01-01-01-09.wav,02,calm,09,Audios/Actor_09/03-01-02-01-01-01-09.wav
03-01-02-01-01-02-09.wav,02,calm,09,Audios/Actor_09/03-01-02-01-01-02-09.wav
03-01-02-01-02-01-09.wav,02,calm,09,Audios/Actor_09/03-01-02-01-02-01-09.wav
03-01-02-01-02-02-09.wav,02,calm,09,Audios/Actor_09/03-01-02-01-02-02-09.wav
03-01-02-02-01-01-09.wav,02,calm,09,Audios/Actor_09/03-01-02-02-01-01-09.wav
03-01-02-02-01-02-09.wav,02,calm,09,Audios/Actor_09/03-01-02-02-01-02-09.wav
03-01-02-02-02-01-09.wav,02,calm,09,Audios/Actor_09/03-01-02-02-02-01-09.wav
03-01-02-02-02-02-09.wav,02,calm,09,Audios/Actor_09/03-01-02-02-02-02-09.wav
03-01-03-01-01-01-09.wav,03,happy,09,Audios/Actor_09/03-01-03-01-01-01-09.wav
03-01-03-01-01-02-09.wav,03,happy,09,Audios/Actor_09/03-01-03-01-01-02-09.wav
03-01-03-01-02-01-09.wav,03,happy,09,Audios/Actor_09/03-01-03-01-02-01-09.wav
03-01-03-01-02-02-09.wav,03,happy,09,Audios/Actor_09/03-01-03-01-02-02-09.wav
03-01-03-02-01-01-09.wav,03,happy,09,Audios/Actor_09/03-01-03-02-01-01-09.wav
03-01-03-02-01-02-09.wav,03,happy,09,Audios/Actor_09/03-01-03-02-01-02-09.wav
03-01-03-02-02-01-09.wav,03,happy,09,Audios/Actor_09/03-01-03-02-02-01-09.wav
03-01-03-02-02-02-09.wav,03,happy,09,Audios/Actor_09/03-01-03-02-02-02-09.wav
03-01-04-01-01-01-09.wav,04,sad,09,Audios/Actor_09/03-01-04-01-01-01-09.wav
03-01-04-01-01-02-09.wav,04,sad,09,Audios/Actor_09/03-01-04-01-01-02-09.wav
03-01-04-01-02-01-09.wav,04,sad,09,Audios/Actor_09/03-01-04-01-02-01-09.wav
03-01-04-01-02-02-09.wav,04,sad,09,Audios/Actor_09/03-01-04-01-02-02-09.wav
03-01-04-02-01-01-09.wav,04,sad,09,Audios/Actor_09/03-01-04-02-01-01-09.wav
03-01-04-02-01-02-09.wav,04,sad,09,Audios/Actor_09/03-01-04-02-01-02-09.wav
03-01-04-02-02-01-09.wav,04,sad,09,Audios/Actor_09/03-01-04-02-02-01-09.wav
03-01-04-02-02-02-09.wav,04,sad,09,Audios/Actor_09/03-01-04-02-02-02-09.wav
03-01-05-01-01-01-09.wav,05,angry,09,Audios/Actor_09/03-01-05-01-01-01-09.wav
03-01-05-01-01-02-09.wav,05,angry,09,Audios/Actor_09/03-01-05-01-01-02-09.wav
03-01-05-01-02-01-09.wav,05,angry,09,Audios/Actor_09/03-01-05-01-02-01-09.wav
03-01-05-01-02-02-09.wav,05,angry,09,Audios/Actor_09/03-01-05-01-02-02-09.wav
03-01-05-02-01-01-09.wav,05,angry,09,Audios/Actor_09/03-01-05-02-01-01-09.wav
03-01-05-02-01-02-09.wav,05,angry,09,Audios/Actor_09/03-01-05-02-01-02-09.wav
03-01-05-02-02-01-09.wav,05,angry,09,Audios/Actor_09/03-01-05-02-02-01-09.wav
03-01-05-02-02-02-09.wav,05,angry,09,Audios/Actor_09/03-01-05-02-02-02-09.wav
03-01-06-01-01-01-09.wav,06,fearful,09,Audios/Actor_09/03-01-06-01-01-01-09.wav
03-01-06-01-01-02-09.wav,06,fearful,09,Audios/Actor_09/03-01-06-01-01-02-09.wav
03-01-06-01-02-01-09.wav,06,fearful,09,Audios/Actor_09/03-01-06-01-02-01-09.wav
03-01-06-01-02-02-09.wav,06,fearful,09,Audios/Actor_09/03-01-06-01-02-02-09.wav
03-01-06-02-01-01-09.wav,06,fearful,09,Audios/Actor_09/03-01-06-02-01-01-09.wav
03-01-06-02-01-02-09.wav,06,fearful,09,Audios/Actor_09/03-01-06-02-01-02-09.wav
03-01-06-02-02-01-09.wav,06,fearful,09,Audios/Actor_09/03-01-06-02-02-01-09.wav
03-01-06-02-02-02-09.wav,06,fearful,09,Audios/Actor_09/03-01-06-02-02-02-09.wav
03-01-07-01-01-01-09.wav,07,disgust,09,Audios/Actor_09/03-01-07-01-01-01-09.wav
03-01-07-01-01-02-09.wav,07,disgust,09,Audios/Actor_09/03-01-07-01-01-02-09.wav
03-01-07-01-02-01-09.wav,07,disgust,09,Audios/Actor_09/03-01-07-01-02-01-09.wav
03-01-07-01-02-02-09.wav,07,disgust,09,Audios/Actor_09/03-01-07-01-02-02-09.wav
03-01-07-02-01-01-09.wav,07,disgust,09,Audios/Actor_09/03-01-07-02-01-01-09.wav
03-01-07-02-01-02-09.wav,07,disgust,09,Audios/Actor_09/03-01-07-02-01-02-09.wav
03-01-07-02-02-01-09.wav,07,disgust,09,Audios/Actor_09/03-01-07-02-02-01-09.wav
03-01-07-02-02-02-09.wav,07,disgust,09,Audios/Actor_09/03-01-07-02-02-02-09.wav
03-01-08-01-01-01-09.wav,08,surprised,09,Audios/Actor_09/03-01-08-01-01-01-09.wav
03-01-08-01-01-02-09.wav,08,surprised,09,Audios/Actor_09/03-01-08-01-01-02-09.wav
03-01-08-01-02-01-09.wav,08,surprised,09,Audios/Actor_09/03-01-08-01-02-01-09.wav
03-01-08-01-02-02-09.wav,08,surprised,09,Audios/Actor_09/03-01-08-01-02-02-09.wav
03-01-08-02-01-01-09.wav,08,surprised,09,Audios/Actor_09/03-01-08-02-01-01-09.wav
03-01-08-02-01-02-09.wav,08,surprised,09,Audios/Actor_09/03-01-08-02-01-02-09.wav
03-01-08-02-02-01-09.wav,08,surprised,09,Audios/Actor_09/03-01-08-02-02-01-09.wav
03-01-08-02-02-02-09.wav,08,surprised,09,Audios/Actor_09/03-01-08-02-02-02-09.wav
03-01-01-01-01-01-10.wav,01,neutral,10,Audios/Actor_10/03-01-01-01-01-01-10.wav
03-01-01-01-01-02-10.wav,01,neutral,10,Audios/Actor_10/03-01-01-01-01-02-10.wav
03-01-01-01-02-01-10.wav,01,neutral,10,Audios/Actor_10/03-01-01-01-02-01-10.wav
03-01-01-01-02-02-10.wav,01,neutral,10,Audios/Actor_10/03-01-01-01-02-02-10.wav
03-01-02-01-01-01-10.wav,02,calm,10,Audios/Actor_10/03-01-02-01-01-01-10.wav
03-01-02-01-01-02-10.wav,02,calm,10,Audios/Actor_10/03-01-02-01-01-02-10.wav
03-01-02-01-02-01-10.wav,02,calm,10,Audios/Actor_10/03-01-02-01-02-01-10.wav
03-01-02-01-02-02-10.wav,02,calm,10,Audios/Actor_10/03-01-02-01-02-02-10.wav
03-01-02-02-01-01-10.wav,02,calm,10,Audios/Actor_10/03-01-02-02-01-01-10.wav
03-01-02-02-01-02-10.wav,02,calm,10,Audios/Actor_10/03-01-02-02-01-02-10.wav
03-01-02-02-02-01-10.wav,02,calm,10,Audios/Actor_10/03-01-02-02-02-01-10.wav
03-01-02-02-02-02-10.wav,02,calm,10,Audios/Actor_10/03-01-02-02-02-02-10.wav
03-01-03-01-01-01-10.wav,03,happy,10,Audios/Actor_10/03-01-03-01-01-01-10.wav
03-01-03-01-01-02-10.wav,03,happy,10,Audios/Actor_10/03-01-03-01-01-02-10.wav
03-01-03-01-02-01-10.wav,03,happy,10,Audios/Actor_10/03-01-03-01-02-01-10.wav
03-01-03-01-02-02-10.wav,03,happy,10,Audios/Actor_10/03-01-03-01-02-02-10.wav
03-01-03-02-01-01-10.wav,03,happy,10,Audios/Actor_10/03-01-03-02-01-01-10.wav
03-01-03-02-01-02-10.wav,03,happy,10,Audios/Actor_10/03-01-03-02-01-02-10.wav
03-01-03-02-02-01-10.wav,03,happy,10,Audios/Actor_10/03-01-03-02-02-01-10.wav
03-01-03-02-02-02-10.wav,03,happy,10,Audios/Actor_10/03-01-03-02-02-02-10.wav
03-01-04-01-01-01-10.wav,04,sad,10,Audios/Actor_10/03-01-04-01-01-01-10.wav
03-01-04-01-01-02-10.wav,04,sad,10,Audios/Actor_10/03-01-04-01-01-02-10.wav
03-01-04-01-02-01-10.wav,04,sad,10,Audios/Actor_10/03-01-04-01-02-01-10.wav
03-01-04-01-02-02-10.wav,04,sad,10,Audios/Actor_10/03-01-04-01-02-02-10.wav
03-01-04-02-01-01-10.wav,04,sad,10,Audios/Actor_10/03-01-04-02-01-01-10.wav
03-01-04-02-01-02-10.wav,04,sad,10,Audios/Actor_10/03-01-04-02-01-02-10.wav
03-01-04-02-02-01-10.wav,04,sad,10,Audios/Actor_10/03-01-04-02-02-01-10.wav
03-01-04-02-02-02-10.wav,04,sad,10,Audios/Actor_10/03-01-04-02-02-02-10.wav
03-01-05-01-01-01-10.wav,05,angry,10,Audios/Actor_10/03-01-05-01-01-01-10.wav
03-01-05-01-01-02-10.wav,05,angry,10,Audios/Actor_10/03-01-05-01-01-02-10.wav
03-01-05-01-02-01-10.wav,05,angry,10,Audios/Actor_10/03-01-05-01-02-01-10.wav
03-01-05-01-02-02-10.wav,05,angry,10,Audios/Actor_10/03-01-05-01-02-02-10.wav
03-01-05-02-01-01-10.wav,05,angry,10,Audios/Actor_10/03-01-05-02-01-01-10.wav
03-01-05-02-01-02-10.wav,05,angry,10,Audios/Actor_10/03-01-05-02-01-02-10.wav
03-01-05-02-02-01-10.wav,05,angry,10,Audios/Actor_10/03-01-05-02-02-01-10.wav
03-01-05-02-02-02-10.wav,05,angry,10,Audios/Actor_10/03-01-05-02-02-02-10.wav
03-01-06-01-01-01-10.wav,06,fearful,10,Audios/Actor_10/03-01-06-01-01-01-10.wav
03-01-06-01-01-02-10.wav,06,fearful,10,Audios/Actor_10/03-01-06-01-01-02-10.wav
03-01-06-01-02-01-10.wav,06,fearful,10,Audios/Actor_10/03-01-06-01-02-01-10.wav
03-01-06-01-02-02-10.wav,06,fearful,10,Audios/Actor_10/03-01-06-01-02-02-10.wav
03-01-06-02-01-01-10.wav,06,fearful,10,Audios/Actor_10/03-01-06-02-01-01-10.wav
03-01-06-02-01-02-10.wav,06,fearful,10,Audios/Actor_10/03-01-06-02-01-02-10.wav
03-01-06-02-02-01-10.wav,06,fearful,10,Audios/Actor_10/03-01-06-02-02-01-10.wav
03-01-06-02-02-02-10.wav,06,fearful,10,Audios/Actor_10/03-01-06-02-02-02-10.wav
03-01-07-01-01-01-10.wav,07,disgust,10,Audios/Actor_10/03-01-07-01-01-01-10.wav
03-01-07-01-01-02-10.wav,07,disgust,10,Audios/Actor_10/03-01-07-01-01-02-10.wav
03-01-07-01-02-01-10.wav,07,disgust,10,Audios/Actor_10/03-01-07-01-02-01-10.wav
03-01-07-01-02-02-10.wav,07,disgust,10,Audios/Actor_10/03-01-07-01-02-02-10.wav
03-01-07-02-01-01-10.wav,07,disgust,10,Audios/Actor_10/03-01-07-02-01-01-10.wav
03-01-07-02-01-02-10.wav,07,disgust,10,Audios/Actor_10/03-01-07-02-01-02-10.wav
03-01-07-02-02-01-10.wav,07,disgust,10,Audios/Actor_10/03-01-07-02-02-01-10.wav
03-01-07-02-02-02-10.wav,07,disgust,10,Audios/Actor_10/03-01-07-02-02-02-10.wav
03-01-08-01-01-01-10.wav,08,surprised,10,Audios/Actor_10/03-01-08-01-01-01-10.wav
03-01-08-01-01-02-10.wav,08,surprised,10,Audios/Actor_10/03-01-08-01-01-02-10.wav
03-01-08-01-02-01-10.wav,08,surprised,10,Audios/Actor_10/03-01-08-01-02-01-10.wav
03-01-08-01-02-02-10.wav,08,surprised,10,Audios/Actor_10/03-01-08-01-02-02-10.wav
03-01-08-02-01-01-10.wav,08,surprised,10,Audios/Actor_10/03-01-08-02-01-01-10.wav
03-01-08-02-01-02-10.wav,08,surprised,10,Audios/Actor_10/03-01-08-02-01-02-10.wav
03-01-08-02-02-01-10.wav,08,surprised,10,Audios/Actor_10/03-01-08-02-02-01-10.wav
03-01-08-02-02-02-10.wav,08,surprised,10,Audios/Actor_10/03-01-08-02-02-02-10.wav
03-01-01-01-01-01-11.wav,01,neutral,11,Audios/Actor_11/03-01-01-01-01-01-11.wav
03-01-01-01-01-02-11.wav,01,neutral,11,Audios/Actor_11/03-01-01-01-01-02-11.wav
03-01-01-01-02-01-11.wav,01,neutral,11,Audios/Actor_11/03-01-01-01-02-01-11.wav
03-01-01-01-02-02-11.wav,01,neutral,11,Audios/Actor_11/03-01-01-01-02-02-11.wav
03-01-02-01-01-01-11.wav,02,calm,11,Audios/Actor_11/03-01-02-01-01-01-11.wav
03-01-02-01-01-02-11.wav,02,calm,11,Audios/Actor_11/03-01-02-01-01-02-11.wav
03-01-02-01-02-01-11.wav,02,calm,11,Audios/Actor_11/03-01-02-01-02-01-11.wav
03-01-02-01-02-02-11.wav,02,calm,11,Audios/Actor_11/03-01-02-01-02-02-11.wav
03-01-02-02-01-01-11.wav,02,calm,11,Audios/Actor_11/03-01-02-02-01-01-11.wav
03-01-02-02-01-02-11.wav,02,calm,11,Audios/Actor_11/03-01-02-02-01-02-11.wav
03-01-02-02-02-01-11.wav,02,calm,11,Audios/Actor_11/03-01-02-02-02-01-11.wav
03-01-02-02-02-02-11.wav,02,calm,11,Audios/Actor_11/03-01-02-02-02-02-11.wav
03-01-03-01-01-01-11.wav,03,happy,11,Audios/Actor_11/03-01-03-01-01-01-11.wav
03-01-03-01-01-02-11.wav,03,happy,11,Audios/Actor_11/03-01-03-01-01-02-11.wav
03-01-03-01-02-01-11.wav,03,happy,11,Audios/Actor_11/03-01-03-01-02-01-11.wav
03-01-03-01-02-02-11.wav,03,happy,11,Audios/Actor_11/03-01-03-01-02-02-11.wav
03-01-03-02-01-01-11.wav,03,happy,11,Audios/Actor_11/03-01-03-02-01-01-11.wav
03-01-03-02-01-02-11.wav,03,happy,11,Audios/Actor_11/03-01-03-02-01-02-11.wav
03-01-03-02-02-01-11.wav,03,happy,11,Audios/Actor_11/03-01-03-02-02-01-11.wav
03-01-03-02-02-02-11.wav,03,happy,11,Audios/Actor_11/03-01-03-02-02-02-11.wav
03-01-04-01-01-01-11.wav,04,sad,11,Audios/Actor_11/03-01-04-01-01-01-11.wav
03-01-04-01-01-02-11.wav,04,sad,11,Audios/Actor_11/03-01-04-01-01-02-11.wav
03-01-04-01-02-01-11.wav,04,sad,11,Audios/Actor_11/03-01-04-01-02-01-11.wav
03-01-04-01-02-02-11.wav,04,sad,11,Audios/Actor_11/03-01-04-01-02-02-11.wav
03-01-04-02-01-01-11.wav,04,sad,11,Audios/Actor_11/03-01-04-02-01-01-11.wav
03-01-04-02-01-02-11.wav,04,sad,11,Audios/Actor_11/03-01-04-02-01-02-11.wav
03-01-04-02-02-01-11.wav,04,sad,11,Audios/Actor_11/03-01-04-02-02-01-11.wav
03-01-04-02-02-02-11.wav,04,sad,11,Audios/Actor_11/03-01-04-02-02-02-11.wav
03-01-05-01-01-01-11.wav,05,angry,11,Audios/Actor_11/03-01-05-01-01-01-11.wav
03-01-05-01-01-02-11.wav,05,angry,11,Audios/Actor_11/03-01-05-01-01-02-11.wav
03-01-05-01-02-01-11.wav,05,angry,11,Audios/Actor_11/03-01-05-01-02-01-11.wav
03-01-05-01-02-02-11.wav,05,angry,11,Audios/Actor_11/03-01-05-01-02-02-11.wav
03-01-05-02-01-01-11.wav,05,angry,11,Audios/Actor_11/03-01-05-02-01-01-11.wav
03-01-05-02-01-02-11.wav,05,angry,11,Audios/Actor_11/03-01-05-02-01-02-11.wav
03-01-05-02-02-01-11.wav,05,angry,11,Audios/Actor_11/03-01-05-02-02-01-11.wav
03-01-05-02-02-02-11.wav,05,angry,11,Audios/Actor_11/03-01-05-02-02-02-11.wav
03-01-06-01-01-01-11.wav,06,fearful,11,Audios/Actor_11/03-01-06-01-01-01-11.wav
03-01-06-01-01-02-11.wav,06,fearful,11,Audios/Actor_11/03-01-06-01-01-02-11.wav
03-01-06-01-02-01-11.wav,06,fearful,11,Audios/Actor_11/03-01-06-01-02-01-11.wav
03-01-06-01-02-02-11.wav,06,fearful,11,Audios/Actor_11/03-01-06-01-02-02-11.wav
03-01-06-02-01-01-11.wav,06,fearful,11,Audios/Actor_11/03-01-06-02-01-01-11.wav
03-01-06-02-01-02-11.wav,06,fearful,11,Audios/Actor_11/03-01-06-02-01-02-11.wav
03-01-06-02-02-01-11.wav,06,fearful,11,Audios/Actor_11/03-01-06-02-02-01-11.wav
03-01-06-02-02-02-11.wav,06,fearful,11,Audios/Actor_11/03-01-06-02-02-02-11.wav
03-01-07-01-01-01-11.wav,07,disgust,11,Audios/Actor_11/03-01-07-01-01-01-11.wav
03-01-07-01-01-02-11.wav,07,disgust,11,Audios/Actor_11/03-01-07-01-01-02-11.wav
03-01-07-01-02-01-11.wav,07,disgust,11,Audios/Actor_11/03-01-07-01-02-01-11.wav
03-01-07-01-02-02-11.wav,07,disgust,11,Audios/Actor_11/03-01-07-01-02-02-11.wav
03-01-07-02-01-01-11.wav,07,disgust,11,Audios/Actor_11/03-01-07-02-01-01-11.wav
03-01-07-02-01-02-11.wav,07,disgust,11,Audios/Actor_11/03-01-07-02-01-02-11.wav
03-01-07-02-02-01-11.wav,07,disgust,11,Audios/Actor_11/03-01-07-02-02-01-11.wav
03-01-07-02-02-02-11.wav,07,disgust,11,Audios/Actor_11/03-01-07-02-02-02-11.wav
03-01-08-01-01-01-11.wav,08,surprised,11,Audios/Actor_11/03-01-08-01-01-01-11.wav
03-01-08-01-01-02-11.wav,08,surprised,11,Audios/Actor_11/03-01-08-01-01-02-11.wav
03-01-08-01-02-01-11.wav,08,surprised,11,Audios/Actor_11/03-01-08-01-02-01-11.wav
03-01-08-01-02-02-11.wav,08,surprised,11,Audios/Actor_11/03-01-08-01-02-02-11.wav
03-01-08-02-01-01-11.wav,08,surprised,11,Audios/Actor_11/03-01-08-02-01-01-11.wav
03-01-08-02-01-02-11.wav,08,surprised,11,Audios/Actor_11/03-01-08-02-01-02-11.wav
03-01-08-02-02-01-11.wav,08,surprised,11,Audios/Actor_11/03-01-08-02-02-01-11.wav
03-01-08-02-02-02-11.wav,08,surprised,11,Audios/Actor_11/03-01-08-02-02-02-11.wav
03-01-01-01-01-01-12.wav,01,neutral,12,Audios/Actor_12/03-01-01-01-01-01-12.wav
03-01-01-01-01-02-12.wav,01,neutral,12,Audios/Actor_12/03-01-01-01-01-02-12.wav
03-01-01-01-02-01-12.wav,01,neutral,12,Audios/Actor_12/03-01-01-01-02-01-12.wav
03-01-01-01-02-02-12.wav,01,neutral,12,Audios/Actor_12/03-01-01-01-02-02-12.wav
03-01-02-01-01-01-12.wav,02,calm,12,Audios/Actor_12/03-01-02-01-01-01-12.wav
03-01-02-01-01-02-12.wav,02,calm,12,Audios/Actor_12/03-01-02-01-01-02-12.wav
03-01-02-01-02-01-12.wav,02,calm,12,Audios/Actor_12/03-01-02-01-02-01-12.wav
03-01-02-01-02-02-12.wav,02,calm,12,Audios/Actor_12/03-01-02-01-02-02-12.wav
03-01-02-02-01-01-12.wav,02,calm,12,Audios/Actor_12/03-01-02-02-01-01-12.wav
03-01-02-02-01-02-12.wav,02,calm,12,Audios/Actor_12/03-01-02-02-01-02-12.wav
03-01-02-02-02-01-12.wav,02,calm,12,Audios/Actor_12/03-01-02-02-02-01-12.wav
03-01-02-02-02-02-12.wav,02,calm,12,Audios/Actor_12/03-01-02-02-02-02-12.wav
03-01-03-01-01-01-12.wav,03,happy,12,Audios/Actor_12/03-01-03-01-01-01-12.wav
03-01-03-01-01-02-12.wav,03,happy,12,Audios/Actor_12/03-01-03-01-01-02-12.wav
03-01-03-01-02-01-12.wav,03,happy,12,Audios/Actor_12/03-01-03-01-02-01-12.wav
03-01-03-01-02-02-12.wav,03,happy,12,Audios/Actor_12/03-01-03-01-02-02-12.wav
03-01-03-02-01-01-12.wav,03,happy,12,Audios/Actor_12/03-01-03-02-01-01-12.wav
03-01-03-02-01-02-12.wav,03,happy,12,Audios/Actor_12/03-01-03-02-01-02-12.wav
03-01-03-02-02-01-12.wav,03,happy,12,Audios/Actor_12/03-01-03-02-02-01-12.wav
03-01-03-02-02-02-12.wav,03,happy,12,Audios/Actor_12/03-01-03-02-02-02-12.wav
03-01-04-01-01-01-12.wav,04,sad,12,Audios/Actor_12/03-01-04-01-01-01-12.wav
03-01-04-01-01-02-12.wav,04,sad,12,Audios/Actor_12/03-01-04-01-01-02-12.wav
03-01-04-01-02-01-12.wav,04,sad,12,Audios/Actor_12/03-01-04-01-02-01-12.wav
03-01-04-01-02-02-12.wav,04,sad,12,Audios/Actor_12/03-01-04-01-02-02-12.wav
03-01-04-02-01-01-12.wav,04,sad,12,Audios/Actor_12/03-01-04-02-01-01-12.wav
03-01-04-02-01-02-12.wav,04,sad,12,Audios/Actor_12/03-01-04-02-01-02-12.wav
03-01-04-02-02-01-12.wav,04,sad,12,Audios/Actor_12/03-01-04-02-02-01-12.wav
03-01-04-02-02-02-12.wav,04,sad,12,Audios/Actor_12/03-01-04-02-02-02-12.wav
03-01-05-01-01-01-12.wav,05,angry,12,Audios/Actor_12/03-01-05-01-01-01-12.wav
03-01-05-01-01-02-12.wav,05,angry,12,Audios/Actor_12/03-01-05-01-01-02-12.wav
03-01-05-01-02-01-12.wav,05,angry,12,Audios/Actor_12/03-01-05-01-02-01-12.wav
03-01-05-01-02-02-12.wav,05,angry,12,Audios/Actor_12/03-01-05-01-02-02-12.wav
03-01-05-02-01-01-12.wav,05,angry,12,Audios/Actor_12/03-01-05-02-01-01-12.wav
03-01-05-02-01-02-12.wav,05,angry,12,Audios/Actor_12/03-01-05-02-01-02-12.wav
03-01-05-02-02-01-12.wav,05,angry,12,Audios/Actor_12/03-01-05-02-02-01-12.wav
03-01-05-02-02-02-12.wav,05,angry,12,Audios/Actor_12/03-01-05-02-02-02-12.wav
03-01-06-01-01-01-12.wav,06,fearful,12,Audios/Actor_12/03-01-06-01-01-01-12.wav
03-01-06-01-01-02-12.wav,06,fearful,12,Audios/Actor_12/03-01-06-01-01-02-12.wav
03-01-06-01-02-01-12.wav,06,fearful,12,Audios/Actor_12/03-01-06-01-02-01-12.wav
03-01-06-01-02-02-12.wav,06,fearful,12,Audios/Actor_12/03-01-06-01-02-02-12.wav
03-01-06-02-01-01-12.wav,06,fearful,12,Audios/Actor_12/03-01-06-02-01-01-12.wav
03-01-06-02-01-02-12.wav,06,fearful,12,Audios/Actor_12/03-01-06-02-01-02-12.wav
03-01-06-02-02-01-12.wav,06,fearful,12,Audios/Actor_12/03-01-06-02-02-01-12.wav
03-01-06-02-02-02-12.wav,06,fearful,12,Audios/Actor_12/03-01-06-02-02-02-12.wav
03-01-07-01-01-01-12.wav,07,disgust,12,Audios/Actor_12/03-01-07-01-01-01-12.wav
03-01-07-01-01-02-12.wav,07,disgust,12,Audios/Actor_12/03-01-07-01-01-02-12.wav
03-01-07-01-02-01-12.wav,07,disgust,12,Audios/Actor_12/03-01-07-01-02-01-12.wav
03-01-07-01-02-02-12.wav,07,disgust,12,Audios/Actor_12/03-01-07-01-02-02-12.wav
03-01-07-02-01-01-12.wav,07,disgust,12,Audios/Actor_12/03-01-07-02-01-01-12.wav
03-01-07-02-01-02-12.wav,07,disgust,12,Audios/Actor_12/03-01-07-02-01-02-12.wav
03-01-07-02-02-01-12.wav,07,disgust,12,Audios/Actor_12/03-01-07-02-02-01-12.wav
03-01-07-02-02-02-12.wav,07,disgust,12,Audios/Actor_12/03-01-07-02-02-02-12.wav
03-01-08-01-01-01-12.wav,08,surprised,12,Audios/Actor_12/03-01-08-01-01-01-12.wav
03-01-08-01-01-02-12.wav,08,surprised,12,Audios/Actor_12/03-01-08-01-01-02-12.wav
03-01-08-01-02-01-12.wav,08,surprised,12,Audios/Actor_12/03-01-08-01-02-01-12.wav
03-01-08-01-02-02-12.wav,08,surprised,12,Audios/Actor_12/03-01-08-01-02-02-12.wav
03-01-08-02-01-01-12.wav,08,surprised,12,Audios/Actor_12/03-01-08-02-01-01-12.wav
03-01-08-02-01-02-12.wav,08,surprised,12,Audios/Actor_12/03-01-08-02-01-02-12.wav
03-01-08-02-02-01-12.wav,08,surprised,12,Audios/Actor_12/03-01-08-02-02-01-12.wav
03-01-08-02-02-02-12.wav,08,surprised,12,Audios/Actor_12/03-01-08-02-02-02-12.wav
03-01-01-01-01-01-13.wav,01,neutral,13,Audios/Actor_13/03-01-01-01-01-01-13.wav
03-01-01-01-01-02-13.wav,01,neutral,13,Audios/Actor_13/03-01-01-01-01-02-13.wav
03-01-01-01-02-01-13.wav,01,neutral,13,Audios/Actor_13/03-01-01-01-02-01-13.wav
03-01-01-01-02-02-13.wav,01,neutral,13,Audios/Actor_13/03-01-01-01-02-02-13.wav
03-01-02-01-01-01-13.wav,02,calm,13,Audios/Actor_13/03-01-02-01-01-01-13.wav
03-01-02-01-01-02-13.wav,02,calm,13,Audios/Actor_13/03-01-02-01-01-02-13.wav
03-01-02-01-02-01-13.wav,02,calm,13,Audios/Actor_13/03-01-02-01-02-01-13.wav
03-01-02-01-02-02-13.wav,02,calm,13,Audios/Actor_13/03-01-02-01-02-02-13.wav
03-01-02-02-01-01-13.wav,02,calm,13,Audios/Actor_13/03-01-02-02-01-01-13.wav
03-01-02-02-01-02-13.wav,02,calm,13,Audios/Actor_13/03-01-02-02-01-02-13.wav
03-01-02-02-02-01-13.wav,02,calm,13,Audios/Actor_13/03-01-02-02-02-01-13.wav
03-01-02-02-02-02-13.wav,02,calm,13,Audios/Actor_13/03-01-02-02-02-02-13.wav
03-01-03-01-01-01-13.wav,03,happy,13,Audios/Actor_13/03-01-03-01-01-01-13.wav
03-01-03-01-01-02-13.wav,03,happy,13,Audios/Actor_13/03-01-03-01-01-02-13.wav
03-01-03-01-02-01-13.wav,03,happy,13,Audios/Actor_13/03-01-03-01-02-01-13.wav
03-01-03-01-02-02-13.wav,03,happy,13,Audios/Actor_13/03-01-03-01-02-02-13.wav
03-01-03-02-01-01-13.wav,03,happy,13,Audios/Actor_13/03-01-03-02-01-01-13.wav
03-01-03-02-01-02-13.wav,03,happy,13,Audios/Actor_13/03-01-03-02-01-02-13.wav
03-01-03-02-02-01-13.wav,03,happy,13,Audios/Actor_13/03-01-03-02-02-01-13.wav
03-01-03-02-02-02-13.wav,03,happy,13,Audios/Actor_13/03-01-03-02-02-02-13.wav
03-01-04-01-01-01-13.wav,04,sad,13,Audios/Actor_13/03-01-04-01-01-01-13.wav
03-01-04-01-01-02-13.wav,04,sad,13,Audios/Actor_13/03-01-04-01-01-02-13.wav
03-01-04-01-02-01-13.wav,04,sad,13,Audios/Actor_13/03-01-04-01-02-01-13.wav
03-01-04-01-02-02-13.wav,04,sad,13,Audios/Actor_13/03-01-04-01-02-02-13.wav
03-01-04-02-01-01-13.wav,04,sad,13,Audios/Actor_13/03-01-04-02-01-01-13.wav
03-01-04-02-01-02-13.wav,04,sad,13,Audios/Actor_13/03-01-04-02-01-02-13.wav
03-01-04-02-02-01-13.wav,04,sad,13,Audios/Actor_13/03-01-04-02-02-01-13.wav
03-01-04-02-02-02-13.wav,04,sad,13,Audios/Actor_13/03-01-04-02-02-02-13.wav
03-01-05-01-01-01-13.wav,05,angry,13,Audios/Actor_13/03-01-05-01-01-01-13.wav
03-01-05-01-01-02-13.wav,05,angry,13,Audios/Actor_13/03-01-05-01-01-02-13.wav
03-01-05-01-02-01-13.wav,05,angry,13,Audios/Actor_13/03-01-05-01-02-01-13.wav
03-01-05-01-02-02-13.wav,05,angry,13,Audios/Actor_13/03-01-05-01-02-02-13.wav
03-01-05-02-01-01-13.wav,05,angry,13,Audios/Actor_13/03-01-05-02-01-01-13.wav
03-01-05-02-01-02-13.wav,05,angry,13,Audios/Actor_13/03-01-05-02-01-02-13.wav
03-01-05-02-02-01-13.wav,05,angry,13,Audios/Actor_13/03-01-05-02-02-01-13.wav
03-01-05-02-02-02-13.wav,05,angry,13,Audios/Actor_13/03-01-05-02-02-02-13.wav
03-01-06-01-01-01-13.wav,06,fearful,13,Audios/Actor_13/03-01-06-01-01-01-13.wav
03-01-06-01-01-02-13.wav,06,fearful,13,Audios/Actor_13/03-01-06-01-01-02-13.wav
03-01-06-01-02-01-13.wav,06,fearful,13,Audios/Actor_13/03-01-06-01-02-01-13.wav
03-01-06-01-02-02-13.wav,06,fearful,13,Audios/Actor_13/03-01-06-01-02-02-13.wav
03-01-06-02-01-01-13.wav,06,fearful,13,Audios/Actor_13/03-01-06-02-01-01-13.wav
03-01-06-02-01-02-13.wav,06,fearful,13,Audios/Actor_13/03-01-06-02-01-02-13.wav
03-01-06-02-02-01-13.wav,06,fearful,13,Audios/Actor_13/03-01-06-02-02-01-13.wav
03-01-06-02-02-02-13.wav,06,fearful,13,Audios/Actor_13/03-01-06-02-02-02-13.wav
03-01-07-01-01-01-13.wav,07,disgust,13,Audios/Actor_13/03-01-07-01-01-01-13.wav
03-01-07-01-01-02-13.wav,07,disgust,13,Audios/Actor_13/03-01-07-01-01-02-13.wav
03-01-07-01-02-01-13.wav,07,disgust,13,Audios/Actor_13/03-01-07-01-02-01-13.wav
03-01-07-01-02-02-13.wav,07,disgust,13,Audios/Actor_13/03-01-07-01-02-02-13.wav
03-01-07-02-01-01-13.wav,07,disgust,13,Audios/Actor_13/03-01-07-02-01-01-13.wav
03-01-07-02-01-02-13.wav,07,disgust,13,Audios/Actor_13/03-01-07-02-01-02-13.wav
03-01-07-02-02-01-13.wav,07,disgust,13,Audios/Actor_13/03-01-07-02-02-01-13.wav
03-01-07-02-02-02-13.wav,07,disgust,13,Audios/Actor_13/03-01-07-02-02-02-13.wav
03-01-08-01-01-01-13.wav,08,surprised,13,Audios/Actor_13/03-01-08-01-01-01-13.wav
03-01-08-01-01-02-13.wav,08,surprised,13,Audios/Actor_13/03-01-08-01-01-02-13.wav
03-01-08-01-02-01-13.wav,08,surprised,13,Audios/Actor_13/03-01-08-01-02-01-13.wav
03-01-08-01-02-02-13.wav,08,surprised,13,Audios/Actor_13/03-01-08-01-02-02-13.wav
03-01-08-02-01-01-13.wav,08,surprised,13,Audios/Actor_13/03-01-08-02-01-01-13.wav
03-01-08-02-01-02-13.wav,08,surprised,13,Audios/Actor_13/03-01-08-02-01-02-13.wav
03-01-08-02-02-01-13.wav,08,surprised,13,Audios/Actor_13/03-01-08-02-02-01-13.wav
03-01-08-02-02-02-13.wav,08,surprised,13,Audios/Actor_13/03-01-08-02-02-02-13.wav
03-01-01-01-01-01-14.wav,01,neutral,14,Audios/Actor_14/03-01-01-01-01-01-14.wav
03-01-01-01-01-02-14.wav,01,neutral,14,Audios/Actor_14/03-01-01-01-01-02-14.wav
03-01-01-01-02-01-14.wav,01,neutral,14,Audios/Actor_14/03-01-01-01-02-01-14.wav
03-01-01-01-02-02-14.wav,01,neutral,14,Audios/Actor_14/03-01-01-01-02-02-14.wav
03-01-02-01-01-01-14.wav,02,calm,14,Audios/Actor_14/03-01-02-01-01-01-14.wav
03-01-02-01-01-02-14.wav,02,calm,14,Audios/Actor_14/03-01-02-01-01-02-14.wav
03-01-02-01-02-01-14.wav,02,calm,14,Audios/Actor_14/03-01-02-01-02-01-14.wav
03-01-02-01-02-02-14.wav,02,calm,14,Audios/Actor_14/03-01-02-01-02-02-14.wav
03-01-02-02-01-01-14.wav,02,calm,14,Audios/Actor_14/03-01-02-02-01-01-14.wav
03-01-02-02-01-02-14.wav,02,calm,14,Audios/Actor_14/03-01-02-02-01-02-14.wav
03-01-02-02-02-01-14.wav,02,calm,14,Audios/Actor_14/03-01-02-02-02-01-14.wav
03-01-02-02-02-02-14.wav,02,calm,14,Audios/Actor_14/03-01-02-02-02-02-14.wav
03-01-03-01-01-01-14.wav,03,happy,14,Audios/Actor_14/03-01-03-01-01-01-14.wav
03-01-03-01-01-02-14.wav,03,happy,14,Audios/Actor_14/03-01-03-01-01-02-14.wav
03-01-03-01-02-01-14.wav,03,happy,14,Audios/Actor_14/03-01-03-01-02-01-14.wav
03-01-03-01-02-02-14.wav,03,happy,14,Audios/Actor_14/03-01-03-01-02-02-14.wav
03-01-03-02-01-01-14.wav,03,happy,14,Audios/Actor_14/03-01-03-02-01-01-14.wav
03-01-03-02-01-02-14.wav,03,happy,14,Audios/Actor_14/03-01-03-02-01-02-14.wav
03-01-03-02-02-01-14.wav,03,happy,14,Audios/Actor_14/03-01-03-02-02-01-14.wav
03-01-03-02-02-02-14.wav,03,happy,14,Audios/Actor_14/03-01-03-02-02-02-14.wav
03-01-04-01-01-01-14.wav,04,sad,14,Audios/Actor_14/03-01-04-01-01-01-14.wav
03-01-04-01-01-02-14.wav,04,sad,14,Audios/Actor_14/03-01-04-01-01-02-14.wav
03-01-04-01-02-01-14.wav,04,sad,14,Audios/Actor_14/03-01-04-01-02-01-14.wav
03-01-04-01-02-02-14.wav,04,sad,14,Audios/Actor_14/03-01-04-01-02-02-14.wav
03-01-04-02-01-01-14.wav,04,sad,14,Audios/Actor_14/03-01-04-02-01-01-14.wav
03-01-04-02-01-02-14.wav,04,sad,14,Audios/Actor_14/03-01-04-02-01-02-14.wav
03-01-04-02-02-01-14.wav,04,sad,14,Audios/Actor_14/03-01-04-02-02-01-14.wav
03-01-04-02-02-02-14.wav,04,sad,14,Audios/Actor_14/03-01-04-02-02-02-14.wav
03-01-05-01-01-01-14.wav,05,angry,14,Audios/Actor_14/03-01-05-01-01-01-14.wav
03-01-05-01-01-02-14.wav,05,angry,14,Audios/Actor_14/03-01-05-01-01-02-14.wav
03-01-05-01-02-01-14.wav,05,angry,14,Audios/Actor_14/03-01-05-01-02-01-14.wav
03-01-05-01-02-02-14.wav,05,angry,14,Audios/Actor_14/03-01-05-01-02-02-14.wav
03-01-05-02-01-01-14.wav,05,angry,14,Audios/Actor_14/03-01-05-02-01-01-14.wav
03-01-05-02-01-02-14.wav,05,angry,14,Audios/Actor_14/03-01-05-02-01-02-14.wav
03-01-05-02-02-01-14.wav,05,angry,14,Audios/Actor_14/03-01-05-02-02-01-14.wav
03-01-05-02-02-02-14.wav,05,angry,14,Audios/Actor_14/03-01-05-02-02-02-14.wav
03-01-06-01-01-01-14.wav,06,fearful,14,Audios/Actor_14/03-01-06-01-01-01-14.wav
03-01-06-01-01-02-14.wav,06,fearful,14,Audios/Actor_14/03-01-06-01-01-02-14.wav
03-01-06-01-02-01-14.wav,06,fearful,14,Audios/Actor_14/03-01-06-01-02-01-14.wav
03-01-06-01-02-02-14.wav,06,fearful,14,Audios/Actor_14/03-01-06-01-02-02-14.wav
03-01-06-02-01-01-14.wav,06,fearful,14,Audios/Actor_14/03-01-06-02-01-01-14.wav
03-01-06-02-01-02-14.wav,06,fearful,14,Audios/Actor_14/03-01-06-02-01-02-14.wav
03-01-06-02-02-01-14.wav,06,fearful,14,Audios/Actor_14/03-01-06-02-02-01-14.wav
03-01-06-02-02-02-14.wav,06,fearful,14,Audios/Actor_14/03-01-06-02-02-02-14.wav
03-01-07-01-01-01-14.wav,07,disgust,14,Audios/Actor_14/03-01-07-01-01-01-14.wav
03-01-07-01-01-02-14.wav,07,disgust,14,Audios/Actor_14/03-01-07-01-01-02-14.wav
03-01-07-01-02-01-14.wav,07,disgust,14,Audios/Actor_14/03-01-07-01-02-01-14.wav
03-01-07-01-02-02-14.wav,07,disgust,14,Audios/Actor_14/03-01-07-01-02-02-14.wav
03-01-07-02-01-01-14.wav,07,disgust,14,Audios/Actor_14/03-01-07-02-01-01-14.wav
03-01-07-02-01-02-14.wav,07,disgust,14,Audios/Actor_14/03-01-07-02-01-02-14.wav
03-01-07-02-02-01-14.wav,07,disgust,14,Audios/Actor_14/03-01-07-02-02-01-14.wav
03-01-07-02-02-02-14.wav,07,disgust,14,Audios/Actor_14/03-01-07-02-02-02-14.wav
03-01-08-01-01-01-14.wav,08,surprised,14,Audios/Actor_14/03-01-08-01-01-01-14.wav
03-01-08-01-01-02-14.wav,08,surprised,14,Audios/Actor_14/03-01-08-01-01-02-14.wav
03-01-08-01-02-01-14.wav,08,surprised,14,Audios/Actor_14/03-01-08-01-02-01-14.wav
03-01-08-01-02-02-14.wav,08,surprised,14,Audios/Actor_14/03-01-08-01-02-02-14.wav
03-01-08-02-01-01-14.wav,08,surprised,14,Audios/Actor_14/03-01-08-02-01-01-14.wav
03-01-08-02-01-02-14.wav,08,surprised,14,Audios/Actor_14/03-01-08-02-01-02-14.wav
03-01-08-02-02-01-14.wav,08,surprised,14,Audios/Actor_14/03-01-08-02-02-01-14.wav
03-01-08-02-02-02-14.wav,08,surprised,14,Audios/Actor_14/03-01-08-02-02-02-14.wav
03-01-01-01-01-01-15.wav,01,neutral,15,Audios/Actor_15/03-01-01-01-01-01-15.wav
03-01-01-01-01-02-15.wav,01,neutral,15,Audios/Actor_15/03-01-01-01-01-02-15.wav
03-01-01-01-02-01-15.wav,01,neutral,15,Audios/Actor_15/03-01-01-01-02-01-15.wav
03-01-01-01-02-02-15.wav,01,neutral,15,Audios/Actor_15/03-01-01-01-02-02-15.wav
03-01-02-01-01-01-15.wav,02,calm,15,Audios/Actor_15/03-01-02-01-01-01-15.wav
03-01-02-01-01-02-15.wav,02,calm,15,Audios/Actor_15/03-01-02-01-01-02-15.wav
03-01-02-01-02-01-15.wav,02,calm,15,Audios/Actor_15/03-01-02-01-02-01-15.wav
03-01-02-01-02-02-15.wav,02,calm,15,Audios/Actor_15/03-01-02-01-02-02-15.wav
03-01-02-02-01-01-15.wav,02,calm,15,Audios/Actor_15/03-01-02-02-01-01-15.wav
03-01-02-02-01-02-15.wav,02,calm,15,Audios/Actor_15/03-01-02-02-01-02-15.wav
03-01-02-02-02-01-15.wav,02,calm,15,Audios/Actor_15/03-01-02-02-02-01-15.wav
03-01-02-02-02-02-15.wav,02,calm,15,Audios/Actor_15/03-01-02-02-02-02-15.wav
03-01-03-01-01-01-15.wav,03,happy,15,Audios/Actor_15/03-01-03-01-01-01-15.wav
03-01-03-01-01-02-15.wav,03,happy,15,Audios/Actor_15/03-01-03-01-01-02-15.wav
03-01-03-01-02-01-15.wav,03,happy,15,Audios/Actor_15/03-01-03-01-02-01-15.wav
03-01-03-01-02-02-15.wav,03,happy,15,Audios/Actor_15/03-01-03-01-02-02-15.wav
03-01-03-02-01-01-15.wav,03,happy,15,Audios/Actor_15/03-01-03-02-01-01-15.wav
03-01-03-02-01-02-15.wav,03,happy,15,Audios/Actor_15/03-01-03-02-01-02-15.wav
03-01-03-02-02-01-15.wav,03,happy,15,Audios/Actor_15/03-01-03-02-02-01-15.wav
03-01-03-02-02-02-15.wav,03,happy,15,Audios/Actor_15/03-01-03-02-02-02-15.wav
03-01-04-01-01-01-15.wav,04,sad,15,Audios/Actor_15/03-01-04-01-01-01-15.wav
03-01-04-01-01-02-15.wav,04,sad,15,Audios/Actor_15/03-01-04-01-01-02-15.wav
03-01-04-01-02-01-15.wav,04,sad,15,Audios/Actor_15/03-01-04-01-02-01-15.wav
03-01-04-01-02-02-15.wav,04,sad,15,Audios/Actor_15/03-01-04-01-02-02-15.wav
03-01-04-02-01-01-15.wav,04,sad,15,Audios/Actor_15/03-01-04-02-01-01-15.wav
03-01-04-02-01-02-15.wav,04,sad,15,Audios/Actor_15/03-01-04-02-01-02-15.wav
03-01-04-02-02-01-15.wav,04,sad,15,Audios/Actor_15/03-01-04-02-02-01-15.wav
03-01-04-02-02-02-15.wav,04,sad,15,Audios/Actor_15/03-01-04-02-02-02-15.wav
03-01-05-01-01-01-15.wav,05,angry,15,Audios/Actor_15/03-01-05-01-01-01-15.wav
03-01-05-01-01-02-15.wav,05,angry,15,Audios/Actor_15/03-01-05-01-01-02-15.wav
03-01-05-01-02-01-15.wav,05,angry,15,Audios/Actor_15/03-01-05-01-02-01-15.wav
03-01-05-01-02-02-15.wav,05,angry,15,Audios/Actor_15/03-01-05-01-02-02-15.wav
03-01-05-02-01-01-15.wav,05,angry,15,Audios/Actor_15/03-01-05-02-01-01-15.wav
03-01-05-02-01-02-15.wav,05,angry,15,Audios/Actor_15/03-01-05-02-01-02-15.wav
03-01-05-02-02-01-15.wav,05,angry,15,Audios/Actor_15/03-01-05-02-02-01-15.wav
03-01-05-02-02-02-15.wav,05,angry,15,Audios/Actor_15/03-01-05-02-02-02-15.wav
03-01-06-01-01-01-15.wav,06,fearful,15,Audios/Actor_15/03-01-06-01-01-01-15.wav
03-01-06-01-01-02-15.wav,06,fearful,15,Audios/Actor_15/03-01-06-01-01-02-15.wav
03-01-06-01-02-01-15.wav,06,fearful,15,Audios/Actor_15/03-01-06-01-02-01-15.wav
03-01-06-01-02-02-15.wav,06,fearful,15,Audios/Actor_15/03-01-06-01-02-02-15.wav
03-01-06-02-01-01-15.wav,06,fearful,15,Audios/Actor_15/03-01-06-02-01-01-15.wav
03-01-06-02-01-02-15.wav,06,fearful,15,Audios/Actor_15/03-01-06-02-01-02-15.wav
03-01-06-02-02-01-15.wav,06,fearful,15,Audios/Actor_15/03-01-06-02-02-01-15.wav
03-01-06-02-02-02-15.wav,06,fearful,15,Audios/Actor_15/03-01-06-02-02-02-15.wav
03-01-07-01-01-01-15.wav,07,disgust,15,Audios/Actor_15/03-01-07-01-01-01-15.wav
03-01-07-01-01-02-15.wav,07,disgust,15,Audios/Actor_15/03-01-07-01-01-02-15.wav
03-01-07-01-02-01-15.wav,07,disgust,15,Audios/Actor_15/03-01-07-01-02-01-15.wav
03-01-07-01-02-02-15.wav,07,disgust,15,Audios/Actor_15/03-01-07-01-02-02-15.wav
03-01-07-02-01-01-15.wav,07,disgust,15,Audios/Actor_15/03-01-07-02-01-01-15.wav
03-01-07-02-01-02-15.wav,07,disgust,15,Audios/Actor_15/03-01-07-02-01-02-15.wav
03-01-07-02-02-01-15.wav,07,disgust,15,Audios/Actor_15/03-01-07-02-02-01-15.wav
03-01-07-02-02-02-15.wav,07,disgust,15,Audios/Actor_15/03-01-07-02-02-02-15.wav
03-01-08-01-01-01-15.wav,08,surprised,15,Audios/Actor_15/03-01-08-01-01-01-15.wav
03-01-08-01-01-02-15.wav,08,surprised,15,Audios/Actor_15/03-01-08-01-01-02-15.wav
03-01-08-01-02-01-15.wav,08,surprised,15,Audios/Actor_15/03-01-08-01-02-01-15.wav
03-01-08-01-02-02-15.wav,08,surprised,15,Audios/Actor_15/03-01-08-01-02-02-15.wav
03-01-08-02-01-01-15.wav,08,surprised,15,Audios/Actor_15/03-01-08-02-01-01-15.wav
03-01-08-02-01-02-15.wav,08,surprised,15,Audios/Actor_15/03-01-08-02-01-02-15.wav
03-01-08-02-02-01-15.wav,08,surprised,15,Audios/Actor_15/03-01-08-02-02-01-15.wav
03-01-08-02-02-02-15.wav,08,surprised,15,Audios/Actor_15/03-01-08-02-02-02-15.wav
03-01-01-01-01-01-16.wav,01,neutral,16,Audios/Actor_16/03-01-01-01-01-01-16.wav
03-01-01-01-01-02-16.wav,01,neutral,16,Audios/Actor_16/03-01-01-01-01-02-16.wav
03-01-01-01-02-01-16.wav,01,neutral,16,Audios/Actor_16/03-01-01-01-02-01-16.wav
03-01-01-01-02-02-16.wav,01,neutral,16,Audios/Actor_16/03-01-01-01-02-02-16.wav
03-01-02-01-01-01-16.wav,02,calm,16,Audios/Actor_16/03-01-02-01-01-01-16.wav
03-01-02-01-01-02-16.wav,02,calm,16,Audios/Actor_16/03-01-02-01-01-02-16.wav
03-01-02-01-02-01-16.wav,02,calm,16,Audios/Actor_16/03-01-02-01-02-01-16.wav
03-01-02-01-02-02-16.wav,02,calm,16,Audios/Actor_16/03-01-02-01-02-02-16.wav
03-01-02-02-01-01-16.wav,02,calm,16,Audios/Actor_16/03-01-02-02-01-01-16.wav
03-01-02-02-01-02-16.wav,02,calm,16,Audios/Actor_16/03-01-02-02-01-02-16.wav
03-01-02-02-02-01-16.wav,02,calm,16,Audios/Actor_16/03-01-02-02-02-01-16.wav
03-01-02-02-02-02-16.wav,02,calm,16,Audios/Actor_16/03-01-02-02-02-02-16.wav
03-01-03-01-01-01-16.wav,03,happy,16,Audios/Actor_16/03-01-03-01-01-01-16.wav
03-01-03-01-01-02-16.wav,03,happy,16,Audios/Actor_16/03-01-03-01-01-02-16.wav
03-01-03-01-02-01-16.wav,03,happy,16,Audios/Actor_16/03-01-03-01-02-01-16.wav
03-01-03-01-02-02-16.wav,03,happy,16,Audios/Actor_16/03-01-03-01-02-02-16.wav
03-01-03-02-01-01-16.wav,03,happy,16,Audios/Actor_16/03-01-03-02-01-01-16.wav
03-01-03-02-01-02-16.wav,03,happy,16,Audios/Actor_16/03-01-03-02-01-02-16.wav
03-01-03-02-02-01-16.wav,03,happy,16,Audios/Actor_16/03-01-03-02-02-01-16.wav
03-01-03-02-02-02-16.wav,03,happy,16,Audios/Actor_16/03-01-03-02-02-02-16.wav
03-01-04-01-01-01-16.wav,04,sad,16,Audios/Actor_16/03-01-04-01-01-01-16.wav
03-01-04-01-01-02-16.wav,04,sad,16,Audios/Actor_16/03-01-04-01-01-02-16.wav
03-01-04-01-02-01-16.wav,04,sad,16,Audios/Actor_16/03-01-04-01-02-01-16.wav
03-01-04-01-02-02-16.wav,04,sad,16,Audios/Actor_16/03-01-04-01-02-02-16.wav
03-01-04-02-01-01-16.wav,04,sad,16,Audios/Actor_16/03-01-04-02-01-01-16.wav
03-01-04-02-01-02-16.wav,04,sad,16,Audios/Actor_16/03-01-04-02-01-02-16.wav
03-01-04-02-02-01-16.wav,04,sad,16,Audios/Actor_16/03-01-04-02-02-01-16.wav
03-01-04-02-02-02-16.wav,04,sad,16,Audios/Actor_16/03-01-04-02-02-02-16.wav
03-01-05-01-01-01-16.wav,05,angry,16,Audios/Actor_16/03-01-05-01-01-01-16.wav
03-01-05-01-01-02-16.wav,05,angry,16,Audios/Actor_16/03-01-05-01-01-02-16.wav
03-01-05-01-02-01-16.wav,05,angry,16,Audios/Actor_16/03-01-05-01-02-01-16.wav
03-01-05-01-02-02-16.wav,05,angry,16,Audios/Actor_16/03-01-05-01-02-02-16.wav
03-01-05-02-01-01-16.wav,05,angry,16,Audios/Actor_16/03-01-05-02-01-01-16.wav
03-01-05-02-01-02-16.wav,05,angry,16,Audios/Actor_16/03-01-05-02-01-02-16.wav
03-01-05-02-02-01-16.wav,05,angry,16,Audios/Actor_16/03-01-05-02-02-01-16.wav
03-01-05-02-02-02-16.wav,05,angry,16,Audios/Actor_16/03-01-05-02-02-02-16.wav
03-01-06-01-01-01-16.wav,06,fearful,16,Audios/Actor_16/03-01-06-01-01-01-16.wav
03-01-06-01-01-02-16.wav,06,fearful,16,Audios/Actor_16/03-01-06-01-01-02-16.wav
03-01-06-01-02-01-16.wav,06,fearful,16,Audios/Actor_16/03-01-06-01-02-01-16.wav
03-01-06-01-02-02-16.wav,06,fearful,16,Audios/Actor_16/03-01-06-01-02-02-16.wav
03-01-06-02-01-01-16.wav,06,fearful,16,Audios/Actor_16/03-01-06-02-01-01-16.wav
03-01-06-02-01-02-16.wav,06,fearful,16,Audios/Actor_16/03-01-06-02-01-02-16.wav
03-01-06-02-02-01-16.wav,06,fearful,16,Audios/Actor_16/03-01-06-02-02-01-16.wav
03-01-06-02-02-02-16.wav,06,fearful,16,Audios/Actor_16/03-01-06-02-02-02-16.wav
03-01-07-01-01-01-16.wav,07,disgust,16,Audios/Actor_16/03-01-07-01-01-01-16.wav
03-01-07-01-01-02-16.wav,07,disgust,16,Audios/Actor_16/03-01-07-01-01-02-16.wav
03-01-07-01-02-01-16.wav,07,disgust,16,Audios/Actor_16/03-01-07-01-02-01-16.wav
03-01-07-01-02-02-16.wav,07,disgust,16,Audios/Actor_16/03-01-07-01-02-02-16.wav
03-01-07-02-01-01-16.wav,07,disgust,16,Audios/Actor_16/03-01-07-02-01-01-16.wav
03-01-07-02-01-02-16.wav,07,disgust,16,Audios/Actor_16/03-01-07-02-01-02-16.wav
03-01-07-02-02-01-16.wav,07,disgust,16,Audios/Actor_16/03-01-07-02-02-01-16.wav
03-01-07-02-02-02-16.wav,07,disgust,16,Audios/Actor_16/03-01-07-02-02-02-16.wav
03-01-08-01-01-01-16.wav,08,surprised,16,Audios/Actor_16/03-01-08-01-01-01-16.wav
03-01-08-01-01-02-16.wav,08,surprised,16,Audios/Actor_16/03-01-08-01-01-02-16.wav
03-01-08-01-02-01-16.wav,08,surprised,16,Audios/Actor_16/03-01-08-01-02-01-16.wav
03-01-08-01-02-02-16.wav,08,surprised,16,Audios/Actor_16/03-01-08-01-02-02-16.wav
03-01-08-02-01-01-16.wav,08,surprised,16,Audios/Actor_16/03-01-08-02-01-01-16.wav
03-01-08-02-01-02-16.wav,08,surprised,16,Audios/Actor_16/03-01-08-02-01-02-16.wav
03-01-08-02-02-01-16.wav,08,surprised,16,Audios/Actor_16/03-01-08-02-02-01-16.wav
03-01-08-02-02-02-16.wav,08,surprised,16,Audios/Actor_16/03-01-08-02-02-02-16.wav
03-01-01-01-01-01-17.wav,01,neutral,17,Audios/Actor_17/03-01-01-01-01-01-17.wav
03-01-01-01-01-02-17.wav,01,neutral,17,Audios/Actor_17/03-01-01-01-01-02-17.wav
03-01-01-01-02-01-17.wav,01,neutral,17,Audios/Actor_17/03-01-01-01-02-01-17.wav
03-01-01-01-02-02-17.wav,01,neutral,17,Audios/Actor_17/03-01-01-01-02-02-17.wav
03-01-02-01-01-01-17.wav,02,calm,17,Audios/Actor_17/03-01-02-01-01-01-17.wav
03-01-02-01-01-02-17.wav,02,calm,17,Audios/Actor_17/03-01-02-01-01-02-17.wav
03-01-02-01-02-01-17.wav,02,calm,17,Audios/Actor_17/03-01-02-01-02-01-17.wav
03-01-02-01-02-02-17.wav,02,calm,17,Audios/Actor_17/03-01-02-01-02-02-17.wav
03-01-02-02-01-01-17.wav,02,calm,17,Audios/Actor_17/03-01-02-02-01-01-17.wav
03-01-02-02-01-02-17.wav,02,calm,17,Audios/Actor_17/03-01-02-02-01-02-17.wav
03-01-02-02-02-01-17.wav,02,calm,17,Audios/Actor_17/03-01-02-02-02-01-17.wav
03-01-02-02-02-02-17.wav,02,calm,17,Audios/Actor_17/03-01-02-02-02-02-17.wav
03-01-03-01-01-01-17.wav,03,happy,17,Audios/Actor_17/03-01-03-01-01-01-17.wav
03-01-03-01-01-02-17.wav,03,happy,17,Audios/Actor_17/03-01-03-01-01-02-17.wav
03-01-03-01-02-01-17.wav,03,happy,17,Audios/Actor_17/03-01-03-01-02-01-17.wav
03-01-03-01-02-02-17.wav,03,happy,17,Audios/Actor_17/03-01-03-01-02-02-17.wav
03-01-03-02-01-01-17.wav,03,happy,17,Audios/Actor_17/03-01-03-02-01-01-17.wav
03-01-03-02-01-02-17.wav,03,happy,17,Audios/Actor_17/03-01-03-02-01-02-17.wav
03-01-03-02-02-01-17.wav,03,happy,17,Audios/Actor_17/03-01-03-02-02-01-17.wav
03-01-03-02-02-02-17.wav,03,happy,17,Audios/Actor_17/03-01-03-02-02-02-17.wav
03-01-04-01-01-01-17.wav,04,sad,17,Audios/Actor_17/03-01-04-01-01-01-17.wav
03-01-04-01-01-02-17.wav,04,sad,17,Audios/Actor_17/03-01-04-01-01-02-17.wav
03-01-04-01-02-01-17.wav,04,sad,17,Audios/Actor_17/03-01-04-01-02-01-17.wav
03-01-04-01-02-02-17.wav,04,sad,17,Audios/Actor_17/03-01-04-01-02-02-17.wav
03-01-04-02-01-01-17.wav,04,sad,17,Audios/Actor_17/03-01-04-02-01-01-17.wav
03-01-04-02-01-02-17.wav,04,sad,17,Audios/Actor_17/03-01-04-02-01-02-17.wav
03-01-04-02-02-01-17.wav,04,sad,17,Audios/Actor_17/03-01-04-02-02-01-17.wav
03-01-04-02-02-02-17.wav,04,sad,17,Audios/Actor_17/03-01-04-02-02-02-17.wav
03-01-05-01-01-01-17.wav,05,angry,17,Audios/Actor_17/03-01-05-01-01-01-17.wav
03-01-05-01-01-02-17.wav,05,angry,17,Audios/Actor_17/03-01-05-01-01-02-17.wav
03-01-05-01-02-01-17.wav,05,angry,17,Audios/Actor_17/03-01-05-01-02-01-17.wav
03-01-05-01-02-02-17.wav,05,angry,17,Audios/Actor_17/03-01-05-01-02-02-17.wav
03-01-05-02-01-01-17.wav,05,angry,17,Audios/Actor_17/03-01-05-02-01-01-17.wav
03-01-05-02-01-02-17.wav,05,angry,17,Audios/Actor_17/03-01-05-02-01-02-17.wav
03-01-05-02-02-01-17.wav,05,angry,17,Audios/Actor_17/03-01-05-02-02-01-17.wav
03-01-05-02-02-02-17.wav,05,angry,17,Audios/Actor_17/03-01-05-02-02-02-17.wav
03-01-06-01-01-01-17.wav,06,fearful,17,Audios/Actor_17/03-01-06-01-01-01-17.wav
03-01-06-01-01-02-17.wav,06,fearful,17,Audios/Actor_17/03-01-06-01-01-02-17.wav
03-01-06-01-02-01-17.wav,06,fearful,17,Audios/Actor_17/03-01-06-01-02-01-17.wav
03-01-06-01-02-02-17.wav,06,fearful,17,Audios/Actor_17/03-01-06-01-02-02-17.wav
03-01-06-02-01-01-17.wav,06,fearful,17,Audios/Actor_17/03-01-06-02-01-01-17.wav
03-01-06-02-01-02-17.wav,06,fearful,17,Audios/Actor_17/03-01-06-02-01-02-17.wav
03-01-06-02-02-01-17.wav,06,fearful,17,Audios/Actor_17/03-01-06-02-02-01-17.wav
03-01-06-02-02-02-17.wav,06,fearful,17,Audios/Actor_17/03-01-06-02-02-02-17.wav
03-01-07-01-01-01-17.wav,07,disgust,17,Audios/Actor_17/03-01-07-01-01-01-17.wav
03-01-07-01-01-02-17.wav,07,disgust,17,Audios/Actor_17/03-01-07-01-01-02-17.wav
03-01-07-01-02-01-17.wav,07,disgust,17,Audios/Actor_17/03-01-07-01-02-01-17.wav
03-01-07-01-02-02-17.wav,07,disgust,17,Audios/Actor_17/03-01-07-01-02-02-17.wav
03-01-07-02-01-01-17.wav,07,disgust,17,Audios/Actor_17/03-01-07-02-01-01-17.wav
03-01-07-02-01-02-17.wav,07,disgust,17,Audios/Actor_17/03-01-07-02-01-02-17.wav
03-01-07-02-02-01-17.wav,07,disgust,17,Audios/Actor_17/03-01-07-02-02-01-17.wav
03-01-07-02-02-02-17.wav,07,disgust,17,Audios/Actor_17/03-01-07-02-02-02-17.wav
03-01-08-01-01-01-17.wav,08,surprised,17,Audios/Actor_17/03-01-08-01-01-01-17.wav
03-01-08-01-01-02-17.wav,08,surprised,17,Audios/Actor_17/03-01-08-01-01-02-17.wav
03-01-08-01-02-01-17.wav,08,surprised,17,Audios/Actor_17/03-01-08-01-02-01-17.wav
03-01-08-01-02-02-17.wav,08,surprised,17,Audios/Actor_17/03-01-08-01-02-02-17.wav
03-01-08-02-01-01-17.wav,08,surprised,17,Audios/Actor_17/03-01-08-02-01-01-17.wav
03-01-08-02-01-02-17.wav,08,surprised,17,Audios/Actor_17/03-01-08-02-01-02-17.wav
03-01-08-02-02-01-17.wav,08,surprised,17,Audios/Actor_17/03-01-08-02-02-01-17.wav
03-01-08-02-02-02-17.wav,08,surprised,17,Audios/Actor_17/03-01-08-02-02-02-17.wav
03-01-01-01-01-01-18.wav,01,neutral,18,Audios/Actor_18/03-01-01-01-01-01-18.wav
03-01-01-01-01-02-18.wav,01,neutral,18,Audios/Actor_18/03-01-01-01-01-02-18.wav
03-01-01-01-02-01-18.wav,01,neutral,18,Audios/Actor_18/03-01-01-01-02-01-18.wav
03-01-01-01-02-02-18.wav,01,neutral,18,Audios/Actor_18/03-01-01-01-02-02-18.wav
03-01-02-01-01-01-18.wav,02,calm,18,Audios/Actor_18/03-01-02-01-01-01-18.wav
03-01-02-01-01-02-18.wav,02,calm,18,Audios/Actor_18/03-01-02-01-01-02-18.wav
03-01-02-01-02-01-18.wav,02,calm,18,Audios/Actor_18/03-01-02-01-02-01-18.wav
03-01-02-01-02-02-18.wav,02,calm,18,Audios/Actor_18/03-01-02-01-02-02-18.wav
03-01-02-02-01-01-18.wav,02,calm,18,Audios/Actor_18/03-01-02-02-01-01-18.wav
03-01-02-02-01-02-18.wav,02,calm,18,Audios/Actor_18/03-01-02-02-01-02-18.wav
03-01-02-02-02-01-18.wav,02,calm,18,Audios/Actor_18/03-01-02-02-02-01-18.wav
03-01-02-02-02-02-18.wav,02,calm,18,Audios/Actor_18/03-01-02-02-02-02-18.wav
03-01-03-01-01-01-18.wav,03,happy,18,Audios/Actor_18/03-01-03-01-01-01-18.wav
03-01-03-01-01-02-18.wav,03,happy,18,Audios/Actor_18/03-01-03-01-01-02-18.wav
03-01-03-01-02-01-18.wav,03,happy,18,Audios/Actor_18/03-01-03-01-02-01-18.wav
03-01-03-01-02-02-18.wav,03,happy,18,Audios/Actor_18/03-01-03-01-02-02-18.wav
03-01-03-02-01-01-18.wav,03,happy,18,Audios/Actor_18/03-01-03-02-01-01-18.wav
03-01-03-02-01-02-18.wav,03,happy,18,Audios/Actor_18/03-01-03-02-01-02-18.wav
03-01-03-02-02-01-18.wav,03,happy,18,Audios/Actor_18/03-01-03-02-02-01-18.wav
03-01-03-02-02-02-18.wav,03,happy,18,Audios/Actor_18/03-01-03-02-02-02-18.wav
03-01-04-01-01-01-18.wav,04,sad,18,Audios/Actor_18/03-01-04-01-01-01-18.wav
03-01-04-01-01-02-18.wav,04,sad,18,Audios/Actor_18/03-01-04-01-01-02-18.wav
03-01-04-01-02-01-18.wav,04,sad,18,Audios/Actor_18/03-01-04-01-02-01-18.wav
03-01-04-01-02-02-18.wav,04,sad,18,Audios/Actor_18/03-01-04-01-02-02-18.wav
03-01-04-02-01-01-18.wav,04,sad,18,Audios/Actor_18/03-01-04-02-01-01-18.wav
03-01-04-02-01-02-18.wav,04,sad,18,Audios/Actor_18/03-01-04-02-01-02-18.wav
03-01-04-02-02-01-18.wav,04,sad,18,Audios/Actor_18/03-01-04-02-02-01-18.wav
03-01-04-02-02-02-18.wav,04,sad,18,Audios/Actor_18/03-01-04-02-02-02-18.wav
03-01-05-01-01-01-18.wav,05,angry,18,Audios/Actor_18/03-01-05-01-01-01-18.wav
03-01-05-01-01-02-18.wav,05,angry,18,Audios/Actor_18/03-01-05-01-01-02-18.wav
03-01-05-01-02-01-18.wav,05,angry,18,Audios/Actor_18/03-01-05-01-02-01-18.wav
03-01-05-01-02-02-18.wav,05,angry,18,Audios/Actor_18/03-01-05-01-02-02-18.wav
03-01-05-02-01-01-18.wav,05,angry,18,Audios/Actor_18/03-01-05-02-01-01-18.wav
03-01-05-02-01-02-18.wav,05,angry,18,Audios/Actor_18/03-01-05-02-01-02-18.wav
03-01-05-02-02-01-18.wav,05,angry,18,Audios/Actor_18/03-01-05-02-02-01-18.wav
03-01-05-02-02-02-18.wav,05,angry,18,Audios/Actor_18/03-01-05-02-02-02-18.wav
03-01-06-01-01-01-18.wav,06,fearful,18,Audios/Actor_18/03-01-06-01-01-01-18.wav
03-01-06-01-01-02-18.wav,06,fearful,18,Audios/Actor_18/03-01-06-01-01-02-18.wav
03-01-06-01-02-01-18.wav,06,fearful,18,Audios/Actor_18/03-01-06-01-02-01-18.wav
03-01-06-01-02-02-18.wav,06,fearful,18,Audios/Actor_18/03-01-06-01-02-02-18.wav
03-01-06-02-01-01-18.wav,06,fearful,18,Audios/Actor_18/03-01-06-02-01-01-18.wav
03-01-06-02-01-02-18.wav,06,fearful,18,Audios/Actor_18/03-01-06-02-01-02-18.wav
03-01-06-02-02-01-18.wav,06,fearful,18,Audios/Actor_18/03-01-06-02-02-01-18.wav
03-01-06-02-02-02-18.wav,06,fearful,18,Audios/Actor_18/03-01-06-02-02-02-18.wav
03-01-07-01-01-01-18.wav,07,disgust,18,Audios/Actor_18/03-01-07-01-01-01-18.wav
03-01-07-01-01-02-18.wav,07,disgust,18,Audios/Actor_18/03-01-07-01-01-02-18.wav
03-01-07-01-02-01-18.wav,07,disgust,18,Audios/Actor_18/03-01-07-01-02-01-18.wav
03-01-07-01-02-02-18.wav,07,disgust,18,Audios/Actor_18/03-01-07-01-02-02-18.wav
03-01-07-02-01-01-18.wav,07,disgust,18,Audios/Actor_18/03-01-07-02-01-01-18.wav
03-01-07-02-01-02-18.wav,07,disgust,18,Audios/Actor_18/03-01-07-02-01-02-18.wav
03-01-07-02-02-01-18.wav,07,disgust,18,Audios/Actor_18/03-01-07-02-02-01-18.wav
03-01-07-02-02-02-18.wav,07,disgust,18,Audios/Actor_18/03-01-07-02-02-02-18.wav
03-01-08-01-01-01-18.wav,08,surprised,18,Audios/Actor_18/03-01-08-01-01-01-18.wav
03-01-08-01-01-02-18.wav,08,surprised,18,Audios/Actor_18/03-01-08-01-01-02-18.wav
03-01-08-01-02-01-18.wav,08,surprised,18,Audios/Actor_18/03-01-08-01-02-01-18.wav
03-01-08-01-02-02-18.wav,08,surprised,18,Audios/Actor_18/03-01-08-01-02-02-18.wav
03-01-08-02-01-01-18.wav,08,surprised,18,Audios/Actor_18/03-01-08-02-01-01-18.wav
03-01-08-02-01-02-18.wav,08,surprised,18,Audios/Actor_18/03-01-08-02-01-02-18.wav
03-01-08-02-02-01-18.wav,08,surprised,18,Audios/Actor_18/03-01-08-02-02-01-18.wav
03-01-08-02-02-02-18.wav,08,surprised,18,Audios/Actor_18/03-01-08-02-02-02-18.wav
03-01-01-01-01-01-19.wav,01,neutral,19,Audios/Actor_19/03-01-01-01-01-01-19.wav
03-01-01-01-01-02-19.wav,01,neutral,19,Audios/Actor_19/03-01-01-01-01-02-19.wav
03-01-01-01-02-01-19.wav,01,neutral,19,Audios/Actor_19/03-01-01-01-02-01-19.wav
03-01-01-01-02-02-19.wav,01,neutral,19,Audios/Actor_19/03-01-01-01-02-02-19.wav
03-01-02-01-01-01-19.wav,02,calm,19,Audios/Actor_19/03-01-02-01-01-01-19.wav
03-01-02-01-01-02-19.wav,02,calm,19,Audios/Actor_19/03-01-02-01-01-02-19.wav
03-01-02-01-02-01-19.wav,02,calm,19,Audios/Actor_19/03-01-02-01-02-01-19.wav
03-01-02-01-02-02-19.wav,02,calm,19,Audios/Actor_19/03-01-02-01-02-02-19.wav
03-01-02-02-01-01-19.wav,02,calm,19,Audios/Actor_19/03-01-02-02-01-01-19.wav
03-01-02-02-01-02-19.wav,02,calm,19,Audios/Actor_19/03-01-02-02-01-02-19.wav
03-01-02-02-02-01-19.wav,02,calm,19,Audios/Actor_19/03-01-02-02-02-01-19.wav
03-01-02-02-02-02-19.wav,02,calm,19,Audios/Actor_19/03-01-02-02-02-02-19.wav
03-01-03-01-01-01-19.wav,03,happy,19,Audios/Actor_19/03-01-03-01-01-01-19.wav
03-01-03-01-01-02-19.wav,03,happy,19,Audios/Actor_19/03-01-03-01-01-02-19.wav
03-01-03-01-02-01-19.wav,03,happy,19,Audios/Actor_19/03-01-03-01-02-01-19.wav
03-01-03-01-02-02-19.wav,03,happy,19,Audios/Actor_19/03-01-03-01-02-02-19.wav
03-01-03-02-01-01-19.wav,03,happy,19,Audios/Actor_19/03-01-03-02-01-01-19.wav
03-01-03-02-01-02-19.wav,03,happy,19,Audios/Actor_19/03-01-03-02-01-02-19.wav
03-01-03-02-02-01-19.wav,03,happy,19,Audios/Actor_19/03-01-03-02-02-01-19.wav
03-01-03-02-02-02-19.wav,03,happy,19,Audios/Actor_19/03-01-03-02-02-02-19.wav
03-01-04-01-01-01-19.wav,04,sad,19,Audios/Actor_19/03-01-04-01-01-01-19.wav
03-01-04-01-01-02-19.wav,04,sad,19,Audios/Actor_19/03-01-04-01-01-02-19.wav
03-01-04-01-02-01-19.wav,04,sad,19,Audios/Actor_19/03-01-04-01-02-01-19.wav
03-01-04-01-02-02-19.wav,04,sad,19,Audios/Actor_19/03-01-04-01-02-02-19.wav
03-01-04-02-01-01-19.wav,04,sad,19,Audios/Actor_19/03-01-04-02-01-01-19.wav
03-01-04-02-01-02-19.wav,04,sad,19,Audios/Actor_19/03-01-04-02-01-02-19.wav
03-01-04-02-02-01-19.wav,04,sad,19,Audios/Actor_19/03-01-04-02-02-01-19.wav
03-01-04-02-02-02-19.wav,04,sad,19,Audios/Actor_19/03-01-04-02-02-02-19.wav
03-01-05-01-01-01-19.wav,05,angry,19,Audios/Actor_19/03-01-05-01-01-01-19.wav
03-01-05-01-01-02-19.wav,05,angry,19,Audios/Actor_19/03-01-05-01-01-02-19.wav
03-01-05-01-02-01-19.wav,05,angry,19,Audios/Actor_19/03-01-05-01-02-01-19.wav
03-01-05-01-02-02-19.wav,05,angry,19,Audios/Actor_19/03-01-05-01-02-02-19.wav
03-01-05-02-01-01-19.wav,05,angry,19,Audios/Actor_19/03-01-05-02-01-01-19.wav
03-01-05-02-01-02-19.wav,05,angry,19,Audios/Actor_19/03-01-05-02-01-02-19.wav
03-01-05-02-02-01-19.wav,05,angry,19,Audios/Actor_19/03-01-05-02-02-01-19.wav
03-01-05-02-02-02-19.wav,05,angry,19,Audios/Actor_19/03-01-05-02-02-02-19.wav
03-01-06-01-01-01-19.wav,06,fearful,19,Audios/Actor_19/03-01-06-01-01-01-19.wav
03-01-06-01-01-02-19.wav,06,fearful,19,Audios/Actor_19/03-01-06-01-01-02-19.wav
03-01-06-01-02-01-19.wav,06,fearful,19,Audios/Actor_19/03-01-06-01-02-01-19.wav
03-01-06-01-02-02-19.wav,06,fearful,19,Audios/Actor_19/03-01-06-01-02-02-19.wav
03-01-06-02-01-01-19.wav,06,fearful,19,Audios/Actor_19/03-01-06-02-01-01-19.wav
03-01-06-02-01-02-19.wav,06,fearful,19,Audios/Actor_19/03-01-06-02-01-02-19.wav
03-01-06-02-02-01-19.wav,06,fearful,19,Audios/Actor_19/03-01-06-02-02-01-19.wav
03-01-06-02-02-02-19.wav,06,fearful,19,Audios/Actor_19/03-01-06-02-02-02-19.wav
03-01-07-01-01-01-19.wav,07,disgust,19,Audios/Actor_19/03-01-07-01-01-01-19.wav
03-01-07-01-01-02-19.wav,07,disgust,19,Audios/Actor_19/03-01-07-01-01-02-19.wav
03-01-07-01-02-01-19.wav,07,disgust,19,Audios/Actor_19/03-01-07-01-02-01-19.wav
03-01-07-01-02-02-19.wav,07,disgust,19,Audios/Actor_19/03-01-07-01-02-02-19.wav
03-01-07-02-01-01-19.wav,07,disgust,19,Audios/Actor_19/03-01-07-02-01-01-19.wav
03-01-07-02-01-02-19.wav,07,disgust,19,Audios/Actor_19/03-01-07-02-01-02-19.wav
03-01-07-02-02-01-19.wav,07,disgust,19,Audios/Actor_19/03-01-07-02-02-01-19.wav
03-01-07-02-02-02-19.wav,07,disgust,19,Audios/Actor_19/03-01-07-02-02-02-19.wav
03-01-08-01-01-01-19.wav,08,surprised,19,Audios/Actor_19/03-01-08-01-01-01-19.wav
03-01-08-01-01-02-19.wav,08,surprised,19,Audios/Actor_19/03-01-08-01-01-02-19.wav
03-01-08-01-02-01-19.wav,08,surprised,19,Audios/Actor_19/03-01-08-01-02-01-19.wav
03-01-08-01-02-02-19.wav,08,surprised,19,Audios/Actor_19/03-01-08-01-02-02-19.wav
03-01-08-02-01-01-19.wav,08,surprised,19,Audios/Actor_19/03-01-08-02-01-01-19.wav
03-01-08-02-01-02-19.wav,08,surprised,19,Audios/Actor_19/03-01-08-02-01-02-19.wav
03-01-08-02-02-01-19.wav,08,surprised,19,Audios/Actor_19/03-01-08-02-02-01-19.wav
03-01-08-02-02-02-19.wav,08,surprised,19,Audios/Actor_19/03-01-08-02-02-02-19.wav
03-01-01-01-01-01-20.wav,01,neutral,20,Audios/Actor_20/03-01-01-01-01-01-20.wav
03-01-01-01-01-02-20.wav,01,neutral,20,Audios/Actor_20/03-01-01-01-01-02-20.wav
03-01-01-01-02-01-20.wav,01,neutral,20,Audios/Actor_20/03-01-01-01-02-01-20.wav
03-01-01-01-02-02-20.wav,01,neutral,20,Audios/Actor_20/03-01-01-01-02-02-20.wav
03-01-02-01-01-01-20.wav,02,calm,20,Audios/Actor_20/03-01-02-01-01-01-20.wav
03-01-02-01-01-02-20.wav,02,calm,20,Audios/Actor_20/03-01-02-01-01-02-20.wav
03-01-02-01-02-01-20.wav,02,calm,20,Audios/Actor_20/03-01-02-01-02-01-20.wav
03-01-02-01-02-02-20.wav,02,calm,20,Audios/Actor_20/03-01-02-01-02-02-20.wav
03-01-02-02-01-01-20.wav,02,calm,20,Audios/Actor_20/03-01-02-02-01-01-20.wav
03-01-02-02-01-02-20.wav,02,calm,20,Audios/Actor_20/03-01-02-02-01-02-20.wav
03-01-02-02-02-01-20.wav,02,calm,20,Audios/Actor_20/03-01-02-02-02-01-20.wav
03-01-02-02-02-02-20.wav,02,calm,20,Audios/Actor_20/03-01-02-02-02-02-20.wav
03-01-03-01-01-01-20.wav,03,happy,20,Audios/Actor_20/03-01-03-01-01-01-20.wav
03-01-03-01-01-02-20.wav,03,happy,20,Audios/Actor_20/03-01-03-01-01-02-20.wav
03-01-03-01-02-01-20.wav,03,happy,20,Audios/Actor_20/03-01-03-01-02-01-20.wav
03-01-03-01-02-02-20.wav,03,happy,20,Audios/Actor_20/03-01-03-01-02-02-20.wav
03-01-03-02-01-01-20.wav,03,happy,20,Audios/Actor_20/03-01-03-02-01-01-20.wav
03-01-03-02-01-02-20.wav,03,happy,20,Audios/Actor_20/03-01-03-02-01-02-20.wav
03-01-03-02-02-01-20.wav,03,happy,20,Audios/Actor_20/03-01-03-02-02-01-20.wav
03-01-03-02-02-02-20.wav,03,happy,20,Audios/Actor_20/03-01-03-02-02-02-20.wav
03-01-04-01-01-01-20.wav,04,sad,20,Audios/Actor_20/03-01-04-01-01-01-20.wav
03-01-04-01-01-02-20.wav,04,sad,20,Audios/Actor_20/03-01-04-01-01-02-20.wav
03-01-04-01-02-01-20.wav,04,sad,20,Audios/Actor_20/03-01-04-01-02-01-20.wav
03-01-04-01-02-02-20.wav,04,sad,20,Audios/Actor_20/03-01-04-01-02-02-20.wav
03-01-04-02-01-01-20.wav,04,sad,20,Audios/Actor_20/03-01-04-02-01-01-20.wav
03-01-04-02-01-02-20.wav,04,sad,20,Audios/Actor_20/03-01-04-02-01-02-20.wav
03-01-04-02-02-01-20.wav,04,sad,20,Audios/Actor_20/03-01-04-02-02-01-20.wav
03-01-04-02-02-02-20.wav,04,sad,20,Audios/Actor_20/03-01-04-02-02-02-20.wav
03-01-05-01-01-01-20.wav,05,angry,20,Audios/Actor_20/03-01-05-01-01-01-20.wav
03-01-05-01-01-02-20.wav,05,angry,20,Audios/Actor_20/03-01-05-01-01-02-20.wav
03-01-05-01-02-01-20.wav,05,angry,20,Audios/Actor_20/03-01-05-01-02-01-20.wav
03-01-05-01-02-02-20.wav,05,angry,20,Audios/Actor_20/03-01-05-01-02-02-20.wav
03-01-05-02-01-01-20.wav,05,angry,20,Audios/Actor_20/03-01-05-02-01-01-20.wav
03-01-05-02-01-02-20.wav,05,angry,20,Audios/Actor_20/03-01-05-02-01-02-20.wav
03-01-05-02-02-01-20.wav,05,angry,20,Audios/Actor_20/03-01-05-02-02-01-20.wav
03-01-05-02-02-02-20.wav,05,angry,20,Audios/Actor_20/03-01-05-02-02-02-20.wav
03-01-06-01-01-01-20.wav,06,fearful,20,Audios/Actor_20/03-01-06-01-01-01-20.wav
03-01-06-01-01-02-20.wav,06,fearful,20,Audios/Actor_20/03-01-06-01-01-02-20.wav
03-01-06-01-02-01-20.wav,06,fearful,20,Audios/Actor_20/03-01-06-01-02-01-20.wav
03-01-06-01-02-02-20.wav,06,fearful,20,Audios/Actor_20/03-01-06-01-02-02-20.wav
03-01-06-02-01-01-20.wav,06,fearful,20,Audios/Actor_20/03-01-06-02-01-01-20.wav
03-01-06-02-01-02-20.wav,06,fearful,20,Audios/Actor_20/03-01-06-02-01-02-20.wav
03-01-06-02-02-01-20.wav,06,fearful,20,Audios/Actor_20/03-01-06-02-02-01-20.wav
03-01-06-02-02-02-20.wav,06,fearful,20,Audios/Actor_20/03-01-06-02-02-02-20.wav
03-01-07-01-01-01-20.wav,07,disgust,20,Audios/Actor_20/03-01-07-01-01-01-20.wav
03-01-07-01-01-02-20.wav,07,disgust,20,Audios/Actor_20/03-01-07-01-01-02-20.wav
03-01-07-01-02-01-20.wav,07,disgust,20,Audios/Actor_20/03-01-07-01-02-01-20.wav
03-01-07-01-02-02-20.wav,07,disgust,20,Audios/Actor_20/03-01-07-01-02-02-20.wav
03-01-07-02-01-01-20.wav,07,disgust,20,Audios/Actor_20/03-01-07-02-01-01-20.wav
03-01-07-02-01-02-20.wav,07,disgust,20,Audios/Actor_20/03-01-07-02-01-02-20.wav
03-01-07-02-02-01-20.wav,07,disgust,20,Audios/Actor_20/03-01-07-02-02-01-20.wav
03-01-07-02-02-02-20.wav,07,disgust,20,Audios/Actor_20/03-01-07-02-02-02-20.wav
03-01-08-01-01-01-20.wav,08,surprised,20,Audios/Actor_20/03-01-08-01-01-01-20.wav
03-01-08-01-01-02-20.wav,08,surprised,20,Audios/Actor_20/03-01-08-01-01-02-20.wav
03-01-08-01-02-01-20.wav,08,surprised,20,Audios/Actor_20/03-01-08-01-02-01-20.wav
03-01-08-01-02-02-20.wav,08,surprised,20,Audios/Actor_20/03-01-08-01-02-02-20.wav
03-01-08-02-01-01-20.wav,08,surprised,20,Audios/Actor_20/03-01-08-02-01-01-20.wav
03-01-08-02-01-02-20.wav,08,surprised,20,Audios/Actor_20/03-01-08-02-01-02-20.wav
03-01-08-02-02-01-20.wav,08,surprised,20,Audios/Actor_20/03-01-08-02-02-01-20.wav
03-01-08-02-02-02-20.wav,08,surprised,20,Audios/Actor_20/03-01-08-02-02-02-20.wav
03-01-01-01-01-01-21.wav,01,neutral,21,Audios/Actor_21/03-01-01-01-01-01-21.wav
03-01-01-01-01-02-21.wav,01,neutral,21,Audios/Actor_21/03-01-01-01-01-02-21.wav
03-01-01-01-02-01-21.wav,01,neutral,21,Audios/Actor_21/03-01-01-01-02-01-21.wav
03-01-01-01-02-02-21.wav,01,neutral,21,Audios/Actor_21/03-01-01-01-02-02-21.wav
03-01-02-01-01-01-21.wav,02,calm,21,Audios/Actor_21/03-01-02-01-01-01-21.wav
03-01-02-01-01-02-21.wav,02,calm,21,Audios/Actor_21/03-01-02-01-01-02-21.wav
03-01-02-01-02-01-21.wav,02,calm,21,Audios/Actor_21/03-01-02-01-02-01-21.wav
03-01-02-01-02-02-21.wav,02,calm,21,Audios/Actor_21/03-01-02-01-02-02-21.wav
03-01-02-02-01-01-21.wav,02,calm,21,Audios/Actor_21/03-01-02-02-01-01-21.wav
03-01-02-02-01-02-21.wav,02,calm,21,Audios/Actor_21/03-01-02-02-01-02-21.wav
03-01-02-02-02-01-21.wav,02,calm,21,Audios/Actor_21/03-01-02-02-02-01-21.wav
03-01-02-02-02-02-21.wav,02,calm,21,Audios/Actor_21/03-01-02-02-02-02-21.wav
03-01-03-01-01-01-21.wav,03,happy,21,Audios/Actor_21/03-01-03-01-01-01-21.wav
03-01-03-01-01-02-21.wav,03,happy,21,Audios/Actor_21/03-01-03-01-01-02-21.wav
03-01-03-01-02-01-21.wav,03,happy,21,Audios/Actor_21/03-01-03-01-02-01-21.wav
03-01-03-01-02-02-21.wav,03,happy,21,Audios/Actor_21/03-01-03-01-02-02-21.wav
03-01-03-02-01-01-21.wav,03,happy,21,Audios/Actor_21/03-01-03-02-01-01-21.wav
03-01-03-02-01-02-21.wav,03,happy,21,Audios/Actor_21/03-01-03-02-01-02-21.wav
03-01-03-02-02-01-21.wav,03,happy,21,Audios/Actor_21/03-01-03-02-02-01-21.wav
03-01-03-02-02-02-21.wav,03,happy,21,Audios/Actor_21/03-01-03-02-02-02-21.wav
03-01-04-01-01-01-21.wav,04,sad,21,Audios/Actor_21/03-01-04-01-01-01-21.wav
03-01-04-01-01-02-21.wav,04,sad,21,Audios/Actor_21/03-01-04-01-01-02-21.wav
03-01-04-01-02-01-21.wav,04,sad,21,Audios/Actor_21/03-01-04-01-02-01-21.wav
03-01-04-01-02-02-21.wav,04,sad,21,Audios/Actor_21/03-01-04-01-02-02-21.wav
03-01-04-02-01-01-21.wav,04,sad,21,Audios/Actor_21/03-01-04-02-01-01-21.wav
03-01-04-02-01-02-21.wav,04,sad,21,Audios/Actor_21/03-01-04-02-01-02-21.wav
03-01-04-02-02-01-21.wav,04,sad,21,Audios/Actor_21/03-01-04-02-02-01-21.wav
03-01-04-02-02-02-21.wav,04,sad,21,Audios/Actor_21/03-01-04-02-02-02-21.wav
03-01-05-01-01-01-21.wav,05,angry,21,Audios/Actor_21/03-01-05-01-01-01-21.wav
03-01-05-01-01-02-21.wav,05,angry,21,Audios/Actor_21/03-01-05-01-01-02-21.wav
03-01-05-01-02-01-21.wav,05,angry,21,Audios/Actor_21/03-01-05-01-02-01-21.wav
03-01-05-01-02-02-21.wav,05,angry,21,Audios/Actor_21/03-01-05-01-02-02-21.wav
03-01-05-02-01-01-21.wav,05,angry,21,Audios/Actor_21/03-01-05-02-01-01-21.wav
03-01-05-02-01-02-21.wav,05,angry,21,Audios/Actor_21/03-01-05-02-01-02-21.wav
03-01-05-02-02-01-21.wav,05,angry,21,Audios/Actor_21/03-01-05-02-02-01-21.wav
03-01-05-02-02-02-21.wav,05,angry,21,Audios/Actor_21/03-01-05-02-02-02-21.wav
03-01-06-01-01-01-21.wav,06,fearful,21,Audios/Actor_21/03-01-06-01-01-01-21.wav
03-01-06-01-01-02-21.wav,06,fearful,21,Audios/Actor_21/03-01-06-01-01-02-21.wav
03-01-06-01-02-01-21.wav,06,fearful,21,Audios/Actor_21/03-01-06-01-02-01-21.wav
03-01-06-01-02-02-21.wav,06,fearful,21,Audios/Actor_21/03-01-06-01-02-02-21.wav
03-01-06-02-01-01-21.wav,06,fearful,21,Audios/Actor_21/03-01-06-02-01-01-21.wav
03-01-06-02-01-02-21.wav,06,fearful,21,Audios/Actor_21/03-01-06-02-01-02-21.wav
03-01-06-02-02-01-21.wav,06,fearful,21,Audios/Actor_21/03-01-06-02-02-01-21.wav
03-01-06-02-02-02-21.wav,06,fearful,21,Audios/Actor_21/03-01-06-02-02-02-21.wav
03-01-07-01-01-01-21.wav,07,disgust,21,Audios/Actor_21/03-01-07-01-01-01-21.wav
03-01-07-01-01-02-21.wav,07,disgust,21,Audios/Actor_21/03-01-07-01-01-02-21.wav
03-01-07-01-02-01-21.wav,07,disgust,21,Audios/Actor_21/03-01-07-01-02-01-21.wav
03-01-07-01-02-02-21.wav,07,disgust,21,Audios/Actor_21/03-01-07-01-02-02-21.wav
03-01-07-02-01-01-21.wav,07,disgust,21,Audios/Actor_21/03-01-07-02-01-01-21.wav
03-01-07-02-01-02-21.wav,07,disgust,21,Audios/Actor_21/03-01-07-02-01-02-21.wav
03-01-07-02-02-01-21.wav,07,disgust,21,Audios/Actor_21/03-01-07-02-02-01-21.wav
03-01-07-02-02-02-21.wav,07,disgust,21,Audios/Actor_21/03-01-07-02-02-02-21.wav
03-01-08-01-01-01-21.wav,08,surprised,21,Audios/Actor_21/03-01-08-01-01-01-21.wav
03-01-08-01-01-02-21.wav,08,surprised,21,Audios/Actor_21/03-01-08-01-01-02-21.wav
03-01-08-01-02-01-21.wav,08,surprised,21,Audios/Actor_21/03-01-08-01-02-01-21.wav
03-01-08-01-02-02-21.wav,08,surprised,21,Audios/Actor_21/03-01-08-01-02-02-21.wav
03-01-08-02-01-01-21.wav,08,surprised,21,Audios/Actor_21/03-01-08-02-01-01-21.wav
03-01-08-02-01-02-21.wav,08,surprised,21,Audios/Actor_21/03-01-08-02-01-02-21.wav
03-01-08-02-02-01-21.wav,08,surprised,21,Audios/Actor_21/03-01-08-02-02-01-21.wav
03-01-08-02-02-02-21.wav,08,surprised,21,Audios/Actor_21/03-01-08-02-02-02-21.wav
03-01-01-01-01-01-22.wav,01,neutral,22,Audios/Actor_22/03-01-01-01-01-01-22.wav
03-01-01-01-01-02-22.wav,01,neutral,22,Audios/Actor_22/03-01-01-01-01-02-22.wav
03-01-01-01-02-01-22.wav,01,neutral,22,Audios/Actor_22/03-01-01-01-02-01-22.wav
03-01-01-01-02-02-22.wav,01,neutral,22,Audios/Actor_22/03-01-01-01-02-02-22.wav
03-01-02-01-01-01-22.wav,02,calm,22,Audios/Actor_22/03-01-02-01-01-01-22.wav
03-01-02-01-01-02-22.wav,02,calm,22,Audios/Actor_22/03-01-02-01-01-02-22.wav
03-01-02-01-02-01-22.wav,02,calm,22,Audios/Actor_22/03-01-02-01-02-01-22.wav
03-01-02-01-02-02-22.wav,02,calm,22,Audios/Actor_22/03-01-02-01-02-02-22.wav
03-01-02-02-01-01-22.wav,02,calm,22,Audios/Actor_22/03-01-02-02-01-01-22.wav
03-01-02-02-01-02-22.wav,02,calm,22,Audios/Actor_22/03-01-02-02-01-02-22.wav
03-01-02-02-02-01-22.wav,02,calm,22,Audios/Actor_22/03-01-02-02-02-01-22.wav
03-01-02-02-02-02-22.wav,02,calm,22,Audios/Actor_22/03-01-02-02-02-02-22.wav
03-01-03-01-01-01-22.wav,03,happy,22,Audios/Actor_22/03-01-03-01-01-01-22.wav
03-01-03-01-01-02-22.wav,03,happy,22,Audios/Actor_22/03-01-03-01-01-02-22.wav
03-01-03-01-02-01-22.wav,03,happy,22,Audios/Actor_22/03-01-03-01-02-01-22.wav
03-01-03-01-02-02-22.wav,03,happy,22,Audios/Actor_22/03-01-03-01-02-02-22.wav
03-01-03-02-01-01-22.wav,03,happy,22,Audios/Actor_22/03-01-03-02-01-01-22.wav
03-01-03-02-01-02-22.wav,03,happy,22,Audios/Actor_22/03-01-03-02-01-02-22.wav
03-01-03-02-02-01-22.wav,03,happy,22,Audios/Actor_22/03-01-03-02-02-01-22.wav
03-01-03-02-02-02-22.wav,03,happy,22,Audios/Actor_22/03-01-03-02-02-02-22.wav
03-01-04-01-01-01-22.wav,04,sad,22,Audios/Actor_22/03-01-04-01-01-01-22.wav
03-01-04-01-01-02-22.wav,04,sad,22,Audios/Actor_22/03-01-04-01-01-02-22.wav
03-01-04-01-02-01-22.wav,04,sad,22,Audios/Actor_22/03-01-04-01-02-01-22.wav
03-01-04-01-02-02-22.wav,04,sad,22,Audios/Actor_22/03-01-04-01-02-02-22.wav
03-01-04-02-01-01-22.wav,04,sad,22,Audios/Actor_22/03-01-04-02-01-01-22.wav
03-01-04-02-01-02-22.wav,04,sad,22,Audios/Actor_22/03-01-04-02-01-02-22.wav
03-01-04-02-02-01-22.wav,04,sad,22,Audios/Actor_22/03-01-04-02-02-01-22.wav
03-01-04-02-02-02-22.wav,04,sad,22,Audios/Actor_22/03-01-04-02-02-02-22.wav
03-01-05-01-01-01-22.wav,05,angry,22,Audios/Actor_22/03-01-05-01-01-01-22.wav
03-01-05-01-01-02-22.wav,05,angry,22,Audios/Actor_22/03-01-05-01-01-02-22.wav
03-01-05-01-02-01-22.wav,05,angry,22,Audios/Actor_22/03-01-05-01-02-01-22.wav
03-01-05-01-02-02-22.wav,05,angry,22,Audios/Actor_22/03-01-05-01-02-02-22.wav
03-01-05-02-01-01-22.wav,05,angry,22,Audios/Actor_22/03-01-05-02-01-01-22.wav
03-01-05-02-01-02-22.wav,05,angry,22,Audios/Actor_22/03-01-05-02-01-02-22.wav
03-01-05-02-02-01-22.wav,05,angry,22,Audios/Actor_22/03-01-05-02-02-01-22.wav
03-01-05-02-02-02-22.wav,05,angry,22,Audios/Actor_22/03-01-05-02-02-02-22.wav
03-01-06-01-01-01-22.wav,06,fearful,22,Audios/Actor_22/03-01-06-01-01-01-22.wav
03-01-06-01-01-02-22.wav,06,fearful,22,Audios/Actor_22/03-01-06-01-01-02-22.wav
03-01-06-01-02-01-22.wav,06,fearful,22,Audios/Actor_22/03-01-06-01-02-01-22.wav
03-01-06-01-02-02-22.wav,06,fearful,22,Audios/Actor_22/03-01-06-01-02-02-22.wav
03-01-06-02-01-01-22.wav,06,fearful,22,Audios/Actor_22/03-01-06-02-01-01-22.wav
03-01-06-02-01-02-22.wav,06,fearful,22,Audios/Actor_22/03-01-06-02-01-02-22.wav
03-01-06-02-02-01-22.wav,06,fearful,22,Audios/Actor_22/03-01-06-02-02-01-22.wav
03-01-06-02-02-02-22.wav,06,fearful,22,Audios/Actor_22/03-01-06-02-02-02-22.wav
03-01-07-01-01-01-22.wav,07,disgust,22,Audios/Actor_22/03-01-07-01-01-01-22.wav
03-01-07-01-01-02-22.wav,07,disgust,22,Audios/Actor_22/03-01-07-01-01-02-22.wav
03-01-07-01-02-01-22.wav,07,disgust,22,Audios/Actor_22/03-01-07-01-02-01-22.wav
03-01-07-01-02-02-22.wav,07,disgust,22,Audios/Actor_22/03-01-07-01-02-02-22.wav
03-01-07-02-01-01-22.wav,07,disgust,22,Audios/Actor_22/03-01-07-02-01-01-22.wav
03-01-07-02-01-02-22.wav,07,disgust,22,Audios/Actor_22/03-01-07-02-01-02-22.wav
03-01-07-02-02-01-22.wav,07,disgust,22,Audios/Actor_22/03-01-07-02-02-01-22.wav
03-01-07-02-02-02-22.wav,07,disgust,22,Audios/Actor_22/03-01-07-02-02-02-22.wav
03-01-08-01-01-01-22.wav,08,surprised,22,Audios/Actor_22/03-01-08-01-01-01-22.wav
03-01-08-01-01-02-22.wav,08,surprised,22,Audios/Actor_22/03-01-08-01-01-02-22.wav
03-01-08-01-02-01-22.wav,08,surprised,22,Audios/Actor_22/03-01-08-01-02-01-22.wav
03-01-08-01-02-02-22.wav,08,surprised,22,Audios/Actor_22/03-01-08-01-02-02-22.wav
03-01-08-02-01-01-22.wav,08,surprised,22,Audios/Actor_22/03-01-08-02-01-01-22.wav
03-01-08-02-01-02-22.wav,08,surprised,22,Audios/Actor_22/03-01-08-02-01-02-22.wav
03-01-08-02-02-01-22.wav,08,surprised,22,Audios/Actor_22/03-01-08-02-02-01-22.wav
03-01-08-02-02-02-22.wav,08,surprised,22,Audios/Actor_22/03-01-08-02-02-02-22.wav
03-01-01-01-01-01-23.wav,01,neutral,23,Audios/Actor_23/03-01-01-01-01-01-23.wav
03-01-01-01-01-02-23.wav,01,neutral,23,Audios/Actor_23/03-01-01-01-01-02-23.wav
03-01-01-01-02-01-23.wav,01,neutral,23,Audios/Actor_23/03-01-01-01-02-01-23.wav
03-01-01-01-02-02-23.wav,01,neutral,23,Audios/Actor_23/03-01-01-01-02-02-23.wav
03-01-02-01-01-01-23.wav,02,calm,23,Audios/Actor_23/03-01-02-01-01-01-23.wav
03-01-02-01-01-02-23.wav,02,calm,23,Audios/Actor_23/03-01-02-01-01-02-23.wav
03-01-02-01-02-01-23.wav,02,calm,23,Audios/Actor_23/03-01-02-01-02-01-23.wav
03-01-02-01-02-02-23.wav,02,calm,23,Audios/Actor_23/03-01-02-01-02-02-23.wav
03-01-02-02-01-01-23.wav,02,calm,23,Audios/Actor_23/03-01-02-02-01-01-23.wav
03-01-02-02-01-02-23.wav,02,calm,23,Audios/Actor_23/03-01-02-02-01-02-23.wav
03-01-02-02-02-01-23.wav,02,calm,23,Audios/Actor_23/03-01-02-02-02-01-23.wav
03-01-02-02-02-02-23.wav,02,calm,23,Audios/Actor_23/03-01-02-02-02-02-23.wav
03-01-03-01-01-01-23.wav,03,happy,23,Audios/Actor_23/03-01-03-01-01-01-23.wav
03-01-03-01-01-02-23.wav,03,happy,23,Audios/Actor_23/03-01-03-01-01-02-23.wav
03-01-03-01-02-01-23.wav,03,happy,23,Audios/Actor_23/03-01-03-01-02-01-23.wav
03-01-03-01-02-02-23.wav,03,happy,23,Audios/Actor_23/03-01-03-01-02-02-23.wav
03-01-03-02-01-01-23.wav,03,happy,23,Audios/Actor_23/03-01-03-02-01-01-23.wav
03-01-03-02-01-02-23.wav,03,happy,23,Audios/Actor_23/03-01-03-02-01-02-23.wav
03-01-03-02-02-01-23.wav,03,happy,23,Audios/Actor_23/03-01-03-02-02-01-23.wav
03-01-03-02-02-02-23.wav,03,happy,23,Audios/Actor_23/03-01-03-02-02-02-23.wav
03-01-04-01-01-01-23.wav,04,sad,23,Audios/Actor_23/03-01-04-01-01-01-23.wav
03-01-04-01-01-02-23.wav,04,sad,23,Audios/Actor_23/03-01-04-01-01-02-23.wav
03-01-04-01-02-01-23.wav,04,sad,23,Audios/Actor_23/03-01-04-01-02-01-23.wav
03-01-04-01-02-02-23.wav,04,sad,23,Audios/Actor_23/03-01-04-01-02-02-23.wav
03-01-04-02-01-01-23.wav,04,sad,23,Audios/Actor_23/03-01-04-02-01-01-23.wav
03-01-04-02-01-02-23.wav,04,sad,23,Audios/Actor_23/03-01-04-02-01-02-23.wav
03-01-04-02-02-01-23.wav,04,sad,23,Audios/Actor_23/03-01-04-02-02-01-23.wav
03-01-04-02-02-02-23.wav,04,sad,23,Audios/Actor_23/03-01-04-02-02-02-23.wav
03-01-05-01-01-01-23.wav,05,angry,23,Audios/Actor_23/03-01-05-01-01-01-23.wav
03-01-05-01-01-02-23.wav,05,angry,23,Audios/Actor_23/03-01-05-01-01-02-23.wav
03-01-05-01-02-01-23.wav,05,angry,23,Audios/Actor_23/03-01-05-01-02-01-23.wav
03-01-05-01-02-02-23.wav,05,angry,23,Audios/Actor_23/03-01-05-01-02-02-23.wav
03-01-05-02-01-01-23.wav,05,angry,23,Audios/Actor_23/03-01-05-02-01-01-23.wav
03-01-05-02-01-02-23.wav,05,angry,23,Audios/Actor_23/03-01-05-02-01-02-23.wav
03-01-05-02-02-01-23.wav,05,angry,23,Audios/Actor_23/03-01-05-02-02-01-23.wav
03-01-05-02-02-02-23.wav,05,angry,23,Audios/Actor_23/03-01-05-02-02-02-23.wav
03-01-06-01-01-01-23.wav,06,fearful,23,Audios/Actor_23/03-01-06-01-01-01-23.wav
03-01-06-01-01-02-23.wav,06,fearful,23,Audios/Actor_23/03-01-06-01-01-02-23.wav
03-01-06-01-02-01-23.wav,06,fearful,23,Audios/Actor_23/03-01-06-01-02-01-23.wav
03-01-06-01-02-02-23.wav,06,fearful,23,Audios/Actor_23/03-01-06-01-02-02-23.wav
03-01-06-02-01-01-23.wav,06,fearful,23,Audios/Actor_23/03-01-06-02-01-01-23.wav
03-01-06-02-01-02-23.wav,06,fearful,23,Audios/Actor_23/03-01-06-02-01-02-23.wav
03-01-06-02-02-01-23.wav,06,fearful,23,Audios/Actor_23/03-01-06-02-02-01-23.wav
03-01-06-02-02-02-23.wav,06,fearful,23,Audios/Actor_23/03-01-06-02-02-02-23.wav
03-01-07-01-01-01-23.wav,07,disgust,23,Audios/Actor_23/03-01-07-01-01-01-23.wav
03-01-07-01-01-02-23.wav,07,disgust,23,Audios/Actor_23/03-01-07-01-01-02-23.wav
03-01-07-01-02-01-23.wav,07,disgust,23,Audios/Actor_23/03-01-07-01-02-01-23.wav
03-01-07-01-02-02-23.wav,07,disgust,23,Audios/Actor_23/03-01-07-01-02-02-23.wav
03-01-07-02-01-01-23.wav,07,disgust,23,Audios/Actor_23/03-01-07-02-01-01-23.wav
03-01-07-02-01-02-23.wav,07,disgust,23,Audios/Actor_23/03-01-07-02-01-02-23.wav
03-01-07-02-02-01-23.wav,07,disgust,23,Audios/Actor_23/03-01-07-02-02-01-23.wav
03-01-07-02-02-02-23.wav,07,disgust,23,Audios/Actor_23/03-01-07-02-02-02-23.wav
03-01-08-01-01-01-23.wav,08,surprised,23,Audios/Actor_23/03-01-08-01-01-01-23.wav
03-01-08-01-01-02-23.wav,08,surprised,23,Audios/Actor_23/03-01-08-01-01-02-23.wav
03-01-08-01-02-01-23.wav,08,surprised,23,Audios/Actor_23/03-01-08-01-02-01-23.wav
03-01-08-01-02-02-23.wav,08,surprised,23,Audios/Actor_23/03-01-08-01-02-02-23.wav
03-01-08-02-01-01-23.wav,08,surprised,23,Audios/Actor_23/03-01-08-02-01-01-23.wav
03-01-08-02-01-02-23.wav,08,surprised,23,Audios/Actor_23/03-01-08-02-01-02-23.wav
03-01-08-02-02-01-23.wav,08,surprised,23,Audios/Actor_23/03-01-08-02-02-01-23.wav
03-01-08-02-02-02-23.wav,08,surprised,23,Audios/Actor_23/03-01-08-02-02-02-23.wav
03-01-01-01-01-01-24.wav,01,neutral,24,Audios/Actor_24/03-01-01-01-01-01-24.wav
03-01-01-01-01-02-24.wav,01,neutral,24,Audios/Actor_24/03-01-01-01-01-02-24.wav
03-01-01-01-02-01-24.wav,01,neutral,24,Audios/Actor_24/03-01-01-01-02-01-24.wav
03-01-01-01-02-02-24.wav,01,neutral,24,Audios/Actor_24/03-01-01-01-02-02-24.wav
03-01-02-01-01-01-24.wav,02,calm,24,Audios/Actor_24/03-01-02-01-01-01-24.wav
03-01-02-01-01-02-24.wav,02,calm,24,Audios/Actor_24/03-01-02-01-01-02-24.wav
03-01-02-01-02-01-24.wav,02,calm,24,Audios/Actor_24/03-01-02-01-02-01-24.wav
03-01-02-01-02-02-24.wav,02,calm,24,Audios/Actor_24/03-01-02-01-02-02-24.wav
03-01-02-02-01-01-24.wav,02,calm,24,Audios/Actor_24/03-01-02-02-01-01-24.wav
03-01-02-02-01-02-24.wav,02,calm,24,Audios/Actor_24/03-01-02-02-01-02-24.wav
03-01-02-02-02-01-24.wav,02,calm,24,Audios/Actor_24/03-01-02-02-02-01-24.wav
03-01-02-02-02-02-24.wav,02,calm,24,Audios/Actor_24/03-01-02-02-02-02-24.wav
03-01-03-01-01-01-24.wav,03,happy,24,Audios/Actor_24/03-01-03-01-01-01-24.wav
03-01-03-01-01-02-24.wav,03,happy,24,Audios/Actor_24/03-01-03-01-01-02-24.wav
03-01-03-01-02-01-24.wav,03,happy,24,Audios/Actor_24/03-01-03-01-02-01-24.wav
03-01-03-01-02-02-24.wav,03,happy,24,Audios/Actor_24/03-01-03-01-02-02-24.wav
03-01-03-02-01-01-24.wav,03,happy,24,Audios/Actor_24/03-01-03-02-01-01-24.wav
03-01-03-02-01-02-24.wav,03,happy,24,Audios/Actor_24/03-01-03-02-01-02-24.wav
03-01-03-02-02-01-24.wav,03,happy,24,Audios/Actor_24/03-01-03-02-02-01-24.wav
03-01-03-02-02-02-24.wav,03,happy,24,Audios/Actor_24/03-01-03-02-02-02-24.wav
03-01-04-01-01-01-24.wav,04,sad,24,Audios/Actor_24/03-01-04-01-01-01-24.wav
03-01-04-01-01-02-24.wav,04,sad,24,Audios/Actor_24/03-01-04-01-01-02-24.wav
03-01-04-01-02-01-24.wav,04,sad,24,Audios/Actor_24/03-01-04-01-02-01-24.wav
03-01-04-01-02-02-24.wav,04,sad,24,Audios/Actor_24/03-01-04-01-02-02-24.wav
03-01-04-02-01-01-24.wav,04,sad,24,Audios/Actor_24/03-01-04-02-01-01-24.wav
03-01-04-02-01-02-24.wav,04,sad,24,Audios/Actor_24/03-01-04-02-01-02-24.wav
03-01-04-02-02-01-24.wav,04,sad,24,Audios/Actor_24/03-01-04-02-02-01-24.wav
03-01-04-02-02-02-24.wav,04,sad,24,Audios/Actor_24/03-01-04-02-02-02-24.wav
03-01-05-01-01-01-24.wav,05,angry,24,Audios/Actor_24/03-01-05-01-01-01-24.wav
03-01-05-01-01-02-24.wav,05,angry,24,Audios/Actor_24/03-01-05-01-01-02-24.wav
03-01-05-01-02-01-24.wav,05,angry,24,Audios/Actor_24/03-01-05-01-02-01-24.wav
03-01-05-01-02-02-24.wav,05,angry,24,Audios/Actor_24/03-01-05-01-02-02-24.wav
03-01-05-02-01-01-24.wav,05,angry,24,Audios/Actor_24/03-01-05-02-01-01-24.wav
03-01-05-02-01-02-24.wav,05,angry,24,Audios/Actor_24/03-01-05-02-01-02-24.wav
03-01-05-02-02-01-24.wav,05,angry,24,Audios/Actor_24/03-01-05-02-02-01-24.wav
03-01-05-02-02-02-24.wav,05,angry,24,Audios/Actor_24/03-01-05-02-02-02-24.wav
03-01-06-01-01-01-24.wav,06,fearful,24,Audios/Actor_24/03-01-06-01-01-01-24.wav
03-01-06-01-01-02-24.wav,06,fearful,24,Audios/Actor_24/03-01-06-01-01-02-24.wav
03-01-06-01-02-01-24.wav,06,fearful,24,Audios/Actor_24/03-01-06-01-02-01-24.wav
03-01-06-01-02-02-24.wav,06,fearful,24,Audios/Actor_24/03-01-06-01-02-02-24.wav
03-01-06-02-01-01-24.wav,06,fearful,24,Audios/Actor_24/03-01-06-02-01-01-24.wav
03-01-06-02-01-02-24.wav,06,fearful,24,Audios/Actor_24/03-01-06-02-01-02-24.wav
03-01-06-02-02-01-24.wav,06,fearful,24,Audios/Actor_24/03-01-06-02-02-01-24.wav
03-01-06-02-02-02-24.wav,06,fearful,24,Audios/Actor_24/03-01-06-02-02-02-24.wav
03-01-07-01-01-01-24.wav,07,disgust,24,Audios/Actor_24/03-01-07-01-01-01-24.wav
03-01-07-01-01-02-24.wav,07,disgust,24,Audios/Actor_24/03-01-07-01-01-02-24.wav
03-01-07-01-02-01-24.wav,07,disgust,24,Audios/Actor_24/03-01-07-01-02-01-24.wav
03-01-07-01-02-02-24.wav,07,disgust,24,Audios/Actor_24/03-01-07-01-02-02-24.wav
03-01-07-02-01-01-24.wav,07,disgust,24,Audios/Actor_24/03-01-07-02-01-01-24.wav
03-01-07-02-01-02-24.wav,07,disgust,24,Audios/Actor_24/03-01-07-02-01-02-24.wav
03-01-07-02-02-01-24.wav,07,disgust,24,Audios/Actor_24/03-01-07-02-02-01-24.wav
03-01-07-02-02-02-24.wav,07,disgust,24,Audios/Actor_24/03-01-07-02-02-02-24.wav
03-01-08-01-01-01-24.wav,08,surprised,24,Audios/Actor_24/03-01-08-01-01-01-24.wav
03-01-08-01-01-02-24.wav,08,surprised,24,Audios/Actor_24/03-01-08-01-01-02-24.wav
03-01-08-01-02-01-24.wav,08,surprised,24,Audios/Actor_24/03-01-08-01-02-01-24.wav
03-01-08-01-02-02-24.wav,08,surprised,24,Audios/Actor_24/03-01-08-01-02-02-24.wav
03-01-08-02-01-01-24.wav,08,surprised,24,Audios/Actor_24/03-01-08-02-01-01-24.wav
03-01-08-02-01-02-24.wav,08,surprised,24,Audios/Actor_24/03-01-08-02-01-02-24.wav
03-01-08-02-02-01-24.wav,08,surprised,24,Audios/Actor_24/03-01-08-02-02-01-24.wav
03-01-08-02-02-02-24.wav,08,surprised,24,Audios/Actor_24/03-01-08-02-02-02-24.wav
03-01-01-01-01-01-01.wav,01,neutral,01,Audios/audio_speech_actors_01-24/Actor_01/03-01-01-01-01-01-01.wav
03-01-01-01-01-02-01.wav,01,neutral,01,Audios/audio_speech_actors_01-24/Actor_01/03-01-01-01-01-02-01.wav
03-01-01-01-02-01-01.wav,01,neutral,01,Audios/audio_speech_actors_01-24/Actor_01/03-01-01-01-02-01-01.wav
03-01-01-01-02-02-01.wav,01,neutral,01,Audios/audio_speech_actors_01-24/Actor_01/03-01-01-01-02-02-01.wav
03-01-02-01-01-01-01.wav,02,calm,01,Audios/audio_speech_actors_01-24/Actor_01/03-01-02-01-01-01-01.wav
03-01-02-01-01-02-01.wav,02,calm,01,Audios/audio_speech_actors_01-24/Actor_01/03-01-02-01-01-02-01.wav
03-01-02-01-02-01-01.wav,02,calm,01,Audios/audio_speech_actors_01-24/Actor_01/03-01-02-01-02-01-01.wav
03-01-02-01-02-02-01.wav,02,calm,01,Audios/audio_speech_actors_01-24/Actor_01/03-01-02-01-02-02-01.wav
03-01-02-02-01-01-01.wav,02,calm,01,Audios/audio_speech_actors_01-24/Actor_01/03-01-02-02-01-01-01.wav
03-01-02-02-01-02-01.wav,02,calm,01,Audios/audio_speech_actors_01-24/Actor_01/03-01-02-02-01-02-01.wav
03-01-02-02-02-01-01.wav,02,calm,01,Audios/audio_speech_actors_01-24/Actor_01/03-01-02-02-02-01-01.wav
03-01-02-02-02-02-01.wav,02,calm,01,Audios/audio_speech_actors_01-24/Actor_01/03-01-02-02-02-02-01.wav
03-01-03-01-01-01-01.wav,03,happy,01,Audios/audio_speech_actors_01-24/Actor_01/03-01-03-01-01-01-01.wav
03-01-03-01-01-02-01.wav,03,happy,01,Audios/audio_speech_actors_01-24/Actor_01/03-01-03-01-01-02-01.wav
03-01-03-01-02-01-01.wav,03,happy,01,Audios/audio_speech_actors_01-24/Actor_01/03-01-03-01-02-01-01.wav
03-01-03-01-02-02-01.wav,03,happy,01,Audios/audio_speech_actors_01-24/Actor_01/03-01-03-01-02-02-01.wav
03-01-03-02-01-01-01.wav,03,happy,01,Audios/audio_speech_actors_01-24/Actor_01/03-01-03-02-01-01-01.wav
03-01-03-02-01-02-01.wav,03,happy,01,Audios/audio_speech_actors_01-24/Actor_01/03-01-03-02-01-02-01.wav
03-01-03-02-02-01-01.wav,03,happy,01,Audios/audio_speech_actors_01-24/Actor_01/03-01-03-02-02-01-01.wav
03-01-03-02-02-02-01.wav,03,happy,01,Audios/audio_speech_actors_01-24/Actor_01/03-01-03-02-02-02-01.wav
03-01-04-01-01-01-01.wav,04,sad,01,Audios/audio_speech_actors_01-24/Actor_01/03-01-04-01-01-01-01.wav
03-01-04-01-01-02-01.wav,04,sad,01,Audios/audio_speech_actors_01-24/Actor_01/03-01-04-01-01-02-01.wav
03-01-04-01-02-01-01.wav,04,sad,01,Audios/audio_speech_actors_01-24/Actor_01/03-01-04-01-02-01-01.wav
03-01-04-01-02-02-01.wav,04,sad,01,Audios/audio_speech_actors_01-24/Actor_01/03-01-04-01-02-02-01.wav
03-01-04-02-01-01-01.wav,04,sad,01,Audios/audio_speech_actors_01-24/Actor_01/03-01-04-02-01-01-01.wav
03-01-04-02-01-02-01.wav,04,sad,01,Audios/audio_speech_actors_01-24/Actor_01/03-01-04-02-01-02-01.wav
03-01-04-02-02-01-01.wav,04,sad,01,Audios/audio_speech_actors_01-24/Actor_01/03-01-04-02-02-01-01.wav
03-01-04-02-02-02-01.wav,04,sad,01,Audios/audio_speech_actors_01-24/Actor_01/03-01-04-02-02-02-01.wav
03-01-05-01-01-01-01.wav,05,angry,01,Audios/audio_speech_actors_01-24/Actor_01/03-01-05-01-01-01-01.wav
03-01-05-01-01-02-01.wav,05,angry,01,Audios/audio_speech_actors_01-24/Actor_01/03-01-05-01-01-02-01.wav
03-01-05-01-02-01-01.wav,05,angry,01,Audios/audio_speech_actors_01-24/Actor_01/03-01-05-01-02-01-01.wav
03-01-05-01-02-02-01.wav,05,angry,01,Audios/audio_speech_actors_01-24/Actor_01/03-01-05-01-02-02-01.wav
03-01-05-02-01-01-01.wav,05,angry,01,Audios/audio_speech_actors_01-24/Actor_01/03-01-05-02-01-01-01.wav
03-01-05-02-01-02-01.wav,05,angry,01,Audios/audio_speech_actors_01-24/Actor_01/03-01-05-02-01-02-01.wav
03-01-05-02-02-01-01.wav,05,angry,01,Audios/audio_speech_actors_01-24/Actor_01/03-01-05-02-02-01-01.wav
03-01-05-02-02-02-01.wav,05,angry,01,Audios/audio_speech_actors_01-24/Actor_01/03-01-05-02-02-02-01.wav
03-01-06-01-01-01-01.wav,06,fearful,01,Audios/audio_speech_actors_01-24/Actor_01/03-01-06-01-01-01-01.wav
03-01-06-01-01-02-01.wav,06,fearful,01,Audios/audio_speech_actors_01-24/Actor_01/03-01-06-01-01-02-01.wav
03-01-06-01-02-01-01.wav,06,fearful,01,Audios/audio_speech_actors_01-24/Actor_01/03-01-06-01-02-01-01.wav
03-01-06-01-02-02-01.wav,06,fearful,01,Audios/audio_speech_actors_01-24/Actor_01/03-01-06-01-02-02-01.wav
03-01-06-02-01-01-01.wav,06,fearful,01,Audios/audio_speech_actors_01-24/Actor_01/03-01-06-02-01-01-01.wav
03-01-06-02-01-02-01.wav,06,fearful,01,Audios/audio_speech_actors_01-24/Actor_01/03-01-06-02-01-02-01.wav
03-01-06-02-02-01-01.wav,06,fearful,01,Audios/audio_speech_actors_01-24/Actor_01/03-01-06-02-02-01-01.wav
03-01-06-02-02-02-01.wav,06,fearful,01,Audios/audio_speech_actors_01-24/Actor_01/03-01-06-02-02-02-01.wav
03-01-07-01-01-01-01.wav,07,disgust,01,Audios/audio_speech_actors_01-24/Actor_01/03-01-07-01-01-01-01.wav
03-01-07-01-01-02-01.wav,07,disgust,01,Audios/audio_speech_actors_01-24/Actor_01/03-01-07-01-01-02-01.wav
03-01-07-01-02-01-01.wav,07,disgust,01,Audios/audio_speech_actors_01-24/Actor_01/03-01-07-01-02-01-01.wav
03-01-07-01-02-02-01.wav,07,disgust,01,Audios/audio_speech_actors_01-24/Actor_01/03-01-07-01-02-02-01.wav
03-01-07-02-01-01-01.wav,07,disgust,01,Audios/audio_speech_actors_01-24/Actor_01/03-01-07-02-01-01-01.wav
03-01-07-02-01-02-01.wav,07,disgust,01,Audios/audio_speech_actors_01-24/Actor_01/03-01-07-02-01-02-01.wav
03-01-07-02-02-01-01.wav,07,disgust,01,Audios/audio_speech_actors_01-24/Actor_01/03-01-07-02-02-01-01.wav
03-01-07-02-02-02-01.wav,07,disgust,01,Audios/audio_speech_actors_01-24/Actor_01/03-01-07-02-02-02-01.wav
03-01-08-01-01-01-01.wav,08,surprised,01,Audios/audio_speech_actors_01-24/Actor_01/03-01-08-01-01-01-01.wav
03-01-08-01-01-02-01.wav,08,surprised,01,Audios/audio_speech_actors_01-24/Actor_01/03-01-08-01-01-02-01.wav
03-01-08-01-02-01-01.wav,08,surprised,01,Audios/audio_speech_actors_01-24/Actor_01/03-01-08-01-02-01-01.wav
03-01-08-01-02-02-01.wav,08,surprised,01,Audios/audio_speech_actors_01-24/Actor_01/03-01-08-01-02-02-01.wav
03-01-08-02-01-01-01.wav,08,surprised,01,Audios/audio_speech_actors_01-24/Actor_01/03-01-08-02-01-01-01.wav
03-01-08-02-01-02-01.wav,08,surprised,01,Audios/audio_speech_actors_01-24/Actor_01/03-01-08-02-01-02-01.wav
03-01-08-02-02-01-01.wav,08,surprised,01,Audios/audio_speech_actors_01-24/Actor_01/03-01-08-02-02-01-01.wav
03-01-08-02-02-02-01.wav,08,surprised,01,Audios/audio_speech_actors_01-24/Actor_01/03-01-08-02-02-02-01.wav
03-01-01-01-01-01-02.wav,01,neutral,02,Audios/audio_speech_actors_01-24/Actor_02/03-01-01-01-01-01-02.wav
03-01-01-01-01-02-02.wav,01,neutral,02,Audios/audio_speech_actors_01-24/Actor_02/03-01-01-01-01-02-02.wav
03-01-01-01-02-01-02.wav,01,neutral,02,Audios/audio_speech_actors_01-24/Actor_02/03-01-01-01-02-01-02.wav
03-01-01-01-02-02-02.wav,01,neutral,02,Audios/audio_speech_actors_01-24/Actor_02/03-01-01-01-02-02-02.wav
03-01-02-01-01-01-02.wav,02,calm,02,Audios/audio_speech_actors_01-24/Actor_02/03-01-02-01-01-01-02.wav
03-01-02-01-01-02-02.wav,02,calm,02,Audios/audio_speech_actors_01-24/Actor_02/03-01-02-01-01-02-02.wav
03-01-02-01-02-01-02.wav,02,calm,02,Audios/audio_speech_actors_01-24/Actor_02/03-01-02-01-02-01-02.wav
03-01-02-01-02-02-02.wav,02,calm,02,Audios/audio_speech_actors_01-24/Actor_02/03-01-02-01-02-02-02.wav
03-01-02-02-01-01-02.wav,02,calm,02,Audios/audio_speech_actors_01-24/Actor_02/03-01-02-02-01-01-02.wav
03-01-02-02-01-02-02.wav,02,calm,02,Audios/audio_speech_actors_01-24/Actor_02/03-01-02-02-01-02-02.wav
03-01-02-02-02-01-02.wav,02,calm,02,Audios/audio_speech_actors_01-24/Actor_02/03-01-02-02-02-01-02.wav
03-01-02-02-02-02-02.wav,02,calm,02,Audios/audio_speech_actors_01-24/Actor_02/03-01-02-02-02-02-02.wav
03-01-03-01-01-01-02.wav,03,happy,02,Audios/audio_speech_actors_01-24/Actor_02/03-01-03-01-01-01-02.wav
03-01-03-01-01-02-02.wav,03,happy,02,Audios/audio_speech_actors_01-24/Actor_02/03-01-03-01-01-02-02.wav
03-01-03-01-02-01-02.wav,03,happy,02,Audios/audio_speech_actors_01-24/Actor_02/03-01-03-01-02-01-02.wav
03-01-03-01-02-02-02.wav,03,happy,02,Audios/audio_speech_actors_01-24/Actor_02/03-01-03-01-02-02-02.wav
03-01-03-02-01-01-02.wav,03,happy,02,Audios/audio_speech_actors_01-24/Actor_02/03-01-03-02-01-01-02.wav
03-01-03-02-01-02-02.wav,03,happy,02,Audios/audio_speech_actors_01-24/Actor_02/03-01-03-02-01-02-02.wav
03-01-03-02-02-01-02.wav,03,happy,02,Audios/audio_speech_actors_01-24/Actor_02/03-01-03-02-02-01-02.wav
03-01-03-02-02-02-02.wav,03,happy,02,Audios/audio_speech_actors_01-24/Actor_02/03-01-03-02-02-02-02.wav
03-01-04-01-01-01-02.wav,04,sad,02,Audios/audio_speech_actors_01-24/Actor_02/03-01-04-01-01-01-02.wav
03-01-04-01-01-02-02.wav,04,sad,02,Audios/audio_speech_actors_01-24/Actor_02/03-01-04-01-01-02-02.wav
03-01-04-01-02-01-02.wav,04,sad,02,Audios/audio_speech_actors_01-24/Actor_02/03-01-04-01-02-01-02.wav
03-01-04-01-02-02-02.wav,04,sad,02,Audios/audio_speech_actors_01-24/Actor_02/03-01-04-01-02-02-02.wav
03-01-04-02-01-01-02.wav,04,sad,02,Audios/audio_speech_actors_01-24/Actor_02/03-01-04-02-01-01-02.wav
03-01-04-02-01-02-02.wav,04,sad,02,Audios/audio_speech_actors_01-24/Actor_02/03-01-04-02-01-02-02.wav
03-01-04-02-02-01-02.wav,04,sad,02,Audios/audio_speech_actors_01-24/Actor_02/03-01-04-02-02-01-02.wav
03-01-04-02-02-02-02.wav,04,sad,02,Audios/audio_speech_actors_01-24/Actor_02/03-01-04-02-02-02-02.wav
03-01-05-01-01-01-02.wav,05,angry,02,Audios/audio_speech_actors_01-24/Actor_02/03-01-05-01-01-01-02.wav
03-01-05-01-01-02-02.wav,05,angry,02,Audios/audio_speech_actors_01-24/Actor_02/03-01-05-01-01-02-02.wav
03-01-05-01-02-01-02.wav,05,angry,02,Audios/audio_speech_actors_01-24/Actor_02/03-01-05-01-02-01-02.wav
03-01-05-01-02-02-02.wav,05,angry,02,Audios/audio_speech_actors_01-24/Actor_02/03-01-05-01-02-02-02.wav
03-01-05-02-01-01-02.wav,05,angry,02,Audios/audio_speech_actors_01-24/Actor_02/03-01-05-02-01-01-02.wav
03-01-05-02-01-02-02.wav,05,angry,02,Audios/audio_speech_actors_01-24/Actor_02/03-01-05-02-01-02-02.wav
03-01-05-02-02-01-02.wav,05,angry,02,Audios/audio_speech_actors_01-24/Actor_02/03-01-05-02-02-01-02.wav
03-01-05-02-02-02-02.wav,05,angry,02,Audios/audio_speech_actors_01-24/Actor_02/03-01-05-02-02-02-02.wav
03-01-06-01-01-01-02.wav,06,fearful,02,Audios/audio_speech_actors_01-24/Actor_02/03-01-06-01-01-01-02.wav
03-01-06-01-01-02-02.wav,06,fearful,02,Audios/audio_speech_actors_01-24/Actor_02/03-01-06-01-01-02-02.wav
03-01-06-01-02-01-02.wav,06,fearful,02,Audios/audio_speech_actors_01-24/Actor_02/03-01-06-01-02-01-02.wav
03-01-06-01-02-02-02.wav,06,fearful,02,Audios/audio_speech_actors_01-24/Actor_02/03-01-06-01-02-02-02.wav
03-01-06-02-01-01-02.wav,06,fearful,02,Audios/audio_speech_actors_01-24/Actor_02/03-01-06-02-01-01-02.wav
03-01-06-02-01-02-02.wav,06,fearful,02,Audios/audio_speech_actors_01-24/Actor_02/03-01-06-02-01-02-02.wav
03-01-06-02-02-01-02.wav,06,fearful,02,Audios/audio_speech_actors_01-24/Actor_02/03-01-06-02-02-01-02.wav
03-01-06-02-02-02-02.wav,06,fearful,02,Audios/audio_speech_actors_01-24/Actor_02/03-01-06-02-02-02-02.wav
03-01-07-01-01-01-02.wav,07,disgust,02,Audios/audio_speech_actors_01-24/Actor_02/03-01-07-01-01-01-02.wav
03-01-07-01-01-02-02.wav,07,disgust,02,Audios/audio_speech_actors_01-24/Actor_02/03-01-07-01-01-02-02.wav
03-01-07-01-02-01-02.wav,07,disgust,02,Audios/audio_speech_actors_01-24/Actor_02/03-01-07-01-02-01-02.wav
03-01-07-01-02-02-02.wav,07,disgust,02,Audios/audio_speech_actors_01-24/Actor_02/03-01-07-01-02-02-02.wav
03-01-07-02-01-01-02.wav,07,disgust,02,Audios/audio_speech_actors_01-24/Actor_02/03-01-07-02-01-01-02.wav
03-01-07-02-01-02-02.wav,07,disgust,02,Audios/audio_speech_actors_01-24/Actor_02/03-01-07-02-01-02-02.wav
03-01-07-02-02-01-02.wav,07,disgust,02,Audios/audio_speech_actors_01-24/Actor_02/03-01-07-02-02-01-02.wav
03-01-07-02-02-02-02.wav,07,disgust,02,Audios/audio_speech_actors_01-24/Actor_02/03-01-07-02-02-02-02.wav
03-01-08-01-01-01-02.wav,08,surprised,02,Audios/audio_speech_actors_01-24/Actor_02/03-01-08-01-01-01-02.wav
03-01-08-01-01-02-02.wav,08,surprised,02,Audios/audio_speech_actors_01-24/Actor_02/03-01-08-01-01-02-02.wav
03-01-08-01-02-01-02.wav,08,surprised,02,Audios/audio_speech_actors_01-24/Actor_02/03-01-08-01-02-01-02.wav
03-01-08-01-02-02-02.wav,08,surprised,02,Audios/audio_speech_actors_01-24/Actor_02/03-01-08-01-02-02-02.wav
03-01-08-02-01-01-02.wav,08,surprised,02,Audios/audio_speech_actors_01-24/Actor_02/03-01-08-02-01-01-02.wav
03-01-08-02-01-02-02.wav,08,surprised,02,Audios/audio_speech_actors_01-24/Actor_02/03-01-08-02-01-02-02.wav
03-01-08-02-02-01-02.wav,08,surprised,02,Audios/audio_speech_actors_01-24/Actor_02/03-01-08-02-02-01-02.wav
03-01-08-02-02-02-02.wav,08,surprised,02,Audios/audio_speech_actors_01-24/Actor_02/03-01-08-02-02-02-02.wav
03-01-01-01-01-01-03.wav,01,neutral,03,Audios/audio_speech_actors_01-24/Actor_03/03-01-01-01-01-01-03.wav
03-01-01-01-01-02-03.wav,01,neutral,03,Audios/audio_speech_actors_01-24/Actor_03/03-01-01-01-01-02-03.wav
03-01-01-01-02-01-03.wav,01,neutral,03,Audios/audio_speech_actors_01-24/Actor_03/03-01-01-01-02-01-03.wav
03-01-01-01-02-02-03.wav,01,neutral,03,Audios/audio_speech_actors_01-24/Actor_03/03-01-01-01-02-02-03.wav
03-01-02-01-01-01-03.wav,02,calm,03,Audios/audio_speech_actors_01-24/Actor_03/03-01-02-01-01-01-03.wav
03-01-02-01-01-02-03.wav,02,calm,03,Audios/audio_speech_actors_01-24/Actor_03/03-01-02-01-01-02-03.wav
03-01-02-01-02-01-03.wav,02,calm,03,Audios/audio_speech_actors_01-24/Actor_03/03-01-02-01-02-01-03.wav
03-01-02-01-02-02-03.wav,02,calm,03,Audios/audio_speech_actors_01-24/Actor_03/03-01-02-01-02-02-03.wav
03-01-02-02-01-01-03.wav,02,calm,03,Audios/audio_speech_actors_01-24/Actor_03/03-01-02-02-01-01-03.wav
03-01-02-02-01-02-03.wav,02,calm,03,Audios/audio_speech_actors_01-24/Actor_03/03-01-02-02-01-02-03.wav
03-01-02-02-02-01-03.wav,02,calm,03,Audios/audio_speech_actors_01-24/Actor_03/03-01-02-02-02-01-03.wav
03-01-02-02-02-02-03.wav,02,calm,03,Audios/audio_speech_actors_01-24/Actor_03/03-01-02-02-02-02-03.wav
03-01-03-01-01-01-03.wav,03,happy,03,Audios/audio_speech_actors_01-24/Actor_03/03-01-03-01-01-01-03.wav
03-01-03-01-01-02-03.wav,03,happy,03,Audios/audio_speech_actors_01-24/Actor_03/03-01-03-01-01-02-03.wav
03-01-03-01-02-01-03.wav,03,happy,03,Audios/audio_speech_actors_01-24/Actor_03/03-01-03-01-02-01-03.wav
03-01-03-01-02-02-03.wav,03,happy,03,Audios/audio_speech_actors_01-24/Actor_03/03-01-03-01-02-02-03.wav
03-01-03-02-01-01-03.wav,03,happy,03,Audios/audio_speech_actors_01-24/Actor_03/03-01-03-02-01-01-03.wav
03-01-03-02-01-02-03.wav,03,happy,03,Audios/audio_speech_actors_01-24/Actor_03/03-01-03-02-01-02-03.wav
03-01-03-02-02-01-03.wav,03,happy,03,Audios/audio_speech_actors_01-24/Actor_03/03-01-03-02-02-01-03.wav
03-01-03-02-02-02-03.wav,03,happy,03,Audios/audio_speech_actors_01-24/Actor_03/03-01-03-02-02-02-03.wav
03-01-04-01-01-01-03.wav,04,sad,03,Audios/audio_speech_actors_01-24/Actor_03/03-01-04-01-01-01-03.wav
03-01-04-01-01-02-03.wav,04,sad,03,Audios/audio_speech_actors_01-24/Actor_03/03-01-04-01-01-02-03.wav
03-01-04-01-02-01-03.wav,04,sad,03,Audios/audio_speech_actors_01-24/Actor_03/03-01-04-01-02-01-03.wav
03-01-04-01-02-02-03.wav,04,sad,03,Audios/audio_speech_actors_01-24/Actor_03/03-01-04-01-02-02-03.wav
03-01-04-02-01-01-03.wav,04,sad,03,Audios/audio_speech_actors_01-24/Actor_03/03-01-04-02-01-01-03.wav
03-01-04-02-01-02-03.wav,04,sad,03,Audios/audio_speech_actors_01-24/Actor_03/03-01-04-02-01-02-03.wav
03-01-04-02-02-01-03.wav,04,sad,03,Audios/audio_speech_actors_01-24/Actor_03/03-01-04-02-02-01-03.wav
03-01-04-02-02-02-03.wav,04,sad,03,Audios/audio_speech_actors_01-24/Actor_03/03-01-04-02-02-02-03.wav
03-01-05-01-01-01-03.wav,05,angry,03,Audios/audio_speech_actors_01-24/Actor_03/03-01-05-01-01-01-03.wav
03-01-05-01-01-02-03.wav,05,angry,03,Audios/audio_speech_actors_01-24/Actor_03/03-01-05-01-01-02-03.wav
03-01-05-01-02-01-03.wav,05,angry,03,Audios/audio_speech_actors_01-24/Actor_03/03-01-05-01-02-01-03.wav
03-01-05-01-02-02-03.wav,05,angry,03,Audios/audio_speech_actors_01-24/Actor_03/03-01-05-01-02-02-03.wav
03-01-05-02-01-01-03.wav,05,angry,03,Audios/audio_speech_actors_01-24/Actor_03/03-01-05-02-01-01-03.wav
03-01-05-02-01-02-03.wav,05,angry,03,Audios/audio_speech_actors_01-24/Actor_03/03-01-05-02-01-02-03.wav
03-01-05-02-02-01-03.wav,05,angry,03,Audios/audio_speech_actors_01-24/Actor_03/03-01-05-02-02-01-03.wav
03-01-05-02-02-02-03.wav,05,angry,03,Audios/audio_speech_actors_01-24/Actor_03/03-01-05-02-02-02-03.wav
03-01-06-01-01-01-03.wav,06,fearful,03,Audios/audio_speech_actors_01-24/Actor_03/03-01-06-01-01-01-03.wav
03-01-06-01-01-02-03.wav,06,fearful,03,Audios/audio_speech_actors_01-24/Actor_03/03-01-06-01-01-02-03.wav
03-01-06-01-02-01-03.wav,06,fearful,03,Audios/audio_speech_actors_01-24/Actor_03/03-01-06-01-02-01-03.wav
03-01-06-01-02-02-03.wav,06,fearful,03,Audios/audio_speech_actors_01-24/Actor_03/03-01-06-01-02-02-03.wav
03-01-06-02-01-01-03.wav,06,fearful,03,Audios/audio_speech_actors_01-24/Actor_03/03-01-06-02-01-01-03.wav
03-01-06-02-01-02-03.wav,06,fearful,03,Audios/audio_speech_actors_01-24/Actor_03/03-01-06-02-01-02-03.wav
03-01-06-02-02-01-03.wav,06,fearful,03,Audios/audio_speech_actors_01-24/Actor_03/03-01-06-02-02-01-03.wav
03-01-06-02-02-02-03.wav,06,fearful,03,Audios/audio_speech_actors_01-24/Actor_03/03-01-06-02-02-02-03.wav
03-01-07-01-01-01-03.wav,07,disgust,03,Audios/audio_speech_actors_01-24/Actor_03/03-01-07-01-01-01-03.wav
03-01-07-01-01-02-03.wav,07,disgust,03,Audios/audio_speech_actors_01-24/Actor_03/03-01-07-01-01-02-03.wav
03-01-07-01-02-01-03.wav,07,disgust,03,Audios/audio_speech_actors_01-24/Actor_03/03-01-07-01-02-01-03.wav
03-01-07-01-02-02-03.wav,07,disgust,03,Audios/audio_speech_actors_01-24/Actor_03/03-01-07-01-02-02-03.wav
03-01-07-02-01-01-03.wav,07,disgust,03,Audios/audio_speech_actors_01-24/Actor_03/03-01-07-02-01-01-03.wav
03-01-07-02-01-02-03.wav,07,disgust,03,Audios/audio_speech_actors_01-24/Actor_03/03-01-07-02-01-02-03.wav
03-01-07-02-02-01-03.wav,07,disgust,03,Audios/audio_speech_actors_01-24/Actor_03/03-01-07-02-02-01-03.wav
03-01-07-02-02-02-03.wav,07,disgust,03,Audios/audio_speech_actors_01-24/Actor_03/03-01-07-02-02-02-03.wav
03-01-08-01-01-01-03.wav,08,surprised,03,Audios/audio_speech_actors_01-24/Actor_03/03-01-08-01-01-01-03.wav
03-01-08-01-01-02-03.wav,08,surprised,03,Audios/audio_speech_actors_01-24/Actor_03/03-01-08-01-01-02-03.wav
03-01-08-01-02-01-03.wav,08,surprised,03,Audios/audio_speech_actors_01-24/Actor_03/03-01-08-01-02-01-03.wav
03-01-08-01-02-02-03.wav,08,surprised,03,Audios/audio_speech_actors_01-24/Actor_03/03-01-08-01-02-02-03.wav
03-01-08-02-01-01-03.wav,08,surprised,03,Audios/audio_speech_actors_01-24/Actor_03/03-01-08-02-01-01-03.wav
03-01-08-02-01-02-03.wav,08,surprised,03,Audios/audio_speech_actors_01-24/Actor_03/03-01-08-02-01-02-03.wav
03-01-08-02-02-01-03.wav,08,surprised,03,Audios/audio_speech_actors_01-24/Actor_03/03-01-08-02-02-01-03.wav
03-01-08-02-02-02-03.wav,08,surprised,03,Audios/audio_speech_actors_01-24/Actor_03/03-01-08-02-02-02-03.wav
03-01-01-01-01-01-04.wav,01,neutral,04,Audios/audio_speech_actors_01-24/Actor_04/03-01-01-01-01-01-04.wav
03-01-01-01-01-02-04.wav,01,neutral,04,Audios/audio_speech_actors_01-24/Actor_04/03-01-01-01-01-02-04.wav
03-01-01-01-02-01-04.wav,01,neutral,04,Audios/audio_speech_actors_01-24/Actor_04/03-01-01-01-02-01-04.wav
03-01-01-01-02-02-04.wav,01,neutral,04,Audios/audio_speech_actors_01-24/Actor_04/03-01-01-01-02-02-04.wav
03-01-02-01-01-01-04.wav,02,calm,04,Audios/audio_speech_actors_01-24/Actor_04/03-01-02-01-01-01-04.wav
03-01-02-01-01-02-04.wav,02,calm,04,Audios/audio_speech_actors_01-24/Actor_04/03-01-02-01-01-02-04.wav
03-01-02-01-02-01-04.wav,02,calm,04,Audios/audio_speech_actors_01-24/Actor_04/03-01-02-01-02-01-04.wav
03-01-02-01-02-02-04.wav,02,calm,04,Audios/audio_speech_actors_01-24/Actor_04/03-01-02-01-02-02-04.wav
03-01-02-02-01-01-04.wav,02,calm,04,Audios/audio_speech_actors_01-24/Actor_04/03-01-02-02-01-01-04.wav
03-01-02-02-01-02-04.wav,02,calm,04,Audios/audio_speech_actors_01-24/Actor_04/03-01-02-02-01-02-04.wav
03-01-02-02-02-01-04.wav,02,calm,04,Audios/audio_speech_actors_01-24/Actor_04/03-01-02-02-02-01-04.wav
03-01-02-02-02-02-04.wav,02,calm,04,Audios/audio_speech_actors_01-24/Actor_04/03-01-02-02-02-02-04.wav
03-01-03-01-01-01-04.wav,03,happy,04,Audios/audio_speech_actors_01-24/Actor_04/03-01-03-01-01-01-04.wav
03-01-03-01-01-02-04.wav,03,happy,04,Audios/audio_speech_actors_01-24/Actor_04/03-01-03-01-01-02-04.wav
03-01-03-01-02-01-04.wav,03,happy,04,Audios/audio_speech_actors_01-24/Actor_04/03-01-03-01-02-01-04.wav
03-01-03-01-02-02-04.wav,03,happy,04,Audios/audio_speech_actors_01-24/Actor_04/03-01-03-01-02-02-04.wav
03-01-03-02-01-01-04.wav,03,happy,04,Audios/audio_speech_actors_01-24/Actor_04/03-01-03-02-01-01-04.wav
03-01-03-02-01-02-04.wav,03,happy,04,Audios/audio_speech_actors_01-24/Actor_04/03-01-03-02-01-02-04.wav
03-01-03-02-02-01-04.wav,03,happy,04,Audios/audio_speech_actors_01-24/Actor_04/03-01-03-02-02-01-04.wav
03-01-03-02-02-02-04.wav,03,happy,04,Audios/audio_speech_actors_01-24/Actor_04/03-01-03-02-02-02-04.wav
03-01-04-01-01-01-04.wav,04,sad,04,Audios/audio_speech_actors_01-24/Actor_04/03-01-04-01-01-01-04.wav
03-01-04-01-01-02-04.wav,04,sad,04,Audios/audio_speech_actors_01-24/Actor_04/03-01-04-01-01-02-04.wav
03-01-04-01-02-01-04.wav,04,sad,04,Audios/audio_speech_actors_01-24/Actor_04/03-01-04-01-02-01-04.wav
03-01-04-01-02-02-04.wav,04,sad,04,Audios/audio_speech_actors_01-24/Actor_04/03-01-04-01-02-02-04.wav
03-01-04-02-01-01-04.wav,04,sad,04,Audios/audio_speech_actors_01-24/Actor_04/03-01-04-02-01-01-04.wav
03-01-04-02-01-02-04.wav,04,sad,04,Audios/audio_speech_actors_01-24/Actor_04/03-01-04-02-01-02-04.wav
03-01-04-02-02-01-04.wav,04,sad,04,Audios/audio_speech_actors_01-24/Actor_04/03-01-04-02-02-01-04.wav
03-01-04-02-02-02-04.wav,04,sad,04,Audios/audio_speech_actors_01-24/Actor_04/03-01-04-02-02-02-04.wav
03-01-05-01-01-01-04.wav,05,angry,04,Audios/audio_speech_actors_01-24/Actor_04/03-01-05-01-01-01-04.wav
03-01-05-01-01-02-04.wav,05,angry,04,Audios/audio_speech_actors_01-24/Actor_04/03-01-05-01-01-02-04.wav
03-01-05-01-02-01-04.wav,05,angry,04,Audios/audio_speech_actors_01-24/Actor_04/03-01-05-01-02-01-04.wav
03-01-05-01-02-02-04.wav,05,angry,04,Audios/audio_speech_actors_01-24/Actor_04/03-01-05-01-02-02-04.wav
03-01-05-02-01-01-04.wav,05,angry,04,Audios/audio_speech_actors_01-24/Actor_04/03-01-05-02-01-01-04.wav
03-01-05-02-01-02-04.wav,05,angry,04,Audios/audio_speech_actors_01-24/Actor_04/03-01-05-02-01-02-04.wav
03-01-05-02-02-01-04.wav,05,angry,04,Audios/audio_speech_actors_01-24/Actor_04/03-01-05-02-02-01-04.wav
03-01-05-02-02-02-04.wav,05,angry,04,Audios/audio_speech_actors_01-24/Actor_04/03-01-05-02-02-02-04.wav
03-01-06-01-01-01-04.wav,06,fearful,04,Audios/audio_speech_actors_01-24/Actor_04/03-01-06-01-01-01-04.wav
03-01-06-01-01-02-04.wav,06,fearful,04,Audios/audio_speech_actors_01-24/Actor_04/03-01-06-01-01-02-04.wav
03-01-06-01-02-01-04.wav,06,fearful,04,Audios/audio_speech_actors_01-24/Actor_04/03-01-06-01-02-01-04.wav
03-01-06-01-02-02-04.wav,06,fearful,04,Audios/audio_speech_actors_01-24/Actor_04/03-01-06-01-02-02-04.wav
03-01-06-02-01-01-04.wav,06,fearful,04,Audios/audio_speech_actors_01-24/Actor_04/03-01-06-02-01-01-04.wav
03-01-06-02-01-02-04.wav,06,fearful,04,Audios/audio_speech_actors_01-24/Actor_04/03-01-06-02-01-02-04.wav
03-01-06-02-02-01-04.wav,06,fearful,04,Audios/audio_speech_actors_01-24/Actor_04/03-01-06-02-02-01-04.wav
03-01-06-02-02-02-04.wav,06,fearful,04,Audios/audio_speech_actors_01-24/Actor_04/03-01-06-02-02-02-04.wav
03-01-07-01-01-01-04.wav,07,disgust,04,Audios/audio_speech_actors_01-24/Actor_04/03-01-07-01-01-01-04.wav
03-01-07-01-01-02-04.wav,07,disgust,04,Audios/audio_speech_actors_01-24/Actor_04/03-01-07-01-01-02-04.wav
03-01-07-01-02-01-04.wav,07,disgust,04,Audios/audio_speech_actors_01-24/Actor_04/03-01-07-01-02-01-04.wav
03-01-07-01-02-02-04.wav,07,disgust,04,Audios/audio_speech_actors_01-24/Actor_04/03-01-07-01-02-02-04.wav
03-01-07-02-01-01-04.wav,07,disgust,04,Audios/audio_speech_actors_01-24/Actor_04/03-01-07-02-01-01-04.wav
03-01-07-02-01-02-04.wav,07,disgust,04,Audios/audio_speech_actors_01-24/Actor_04/03-01-07-02-01-02-04.wav
03-01-07-02-02-01-04.wav,07,disgust,04,Audios/audio_speech_actors_01-24/Actor_04/03-01-07-02-02-01-04.wav
03-01-07-02-02-02-04.wav,07,disgust,04,Audios/audio_speech_actors_01-24/Actor_04/03-01-07-02-02-02-04.wav
03-01-08-01-01-01-04.wav,08,surprised,04,Audios/audio_speech_actors_01-24/Actor_04/03-01-08-01-01-01-04.wav
03-01-08-01-01-02-04.wav,08,surprised,04,Audios/audio_speech_actors_01-24/Actor_04/03-01-08-01-01-02-04.wav
03-01-08-01-02-01-04.wav,08,surprised,04,Audios/audio_speech_actors_01-24/Actor_04/03-01-08-01-02-01-04.wav
03-01-08-01-02-02-04.wav,08,surprised,04,Audios/audio_speech_actors_01-24/Actor_04/03-01-08-01-02-02-04.wav
03-01-08-02-01-01-04.wav,08,surprised,04,Audios/audio_speech_actors_01-24/Actor_04/03-01-08-02-01-01-04.wav
03-01-08-02-01-02-04.wav,08,surprised,04,Audios/audio_speech_actors_01-24/Actor_04/03-01-08-02-01-02-04.wav
03-01-08-02-02-01-04.wav,08,surprised,04,Audios/audio_speech_actors_01-24/Actor_04/03-01-08-02-02-01-04.wav
03-01-08-02-02-02-04.wav,08,surprised,04,Audios/audio_speech_actors_01-24/Actor_04/03-01-08-02-02-02-04.wav
03-01-01-01-01-01-05.wav,01,neutral,05,Audios/audio_speech_actors_01-24/Actor_05/03-01-01-01-01-01-05.wav
03-01-01-01-01-02-05.wav,01,neutral,05,Audios/audio_speech_actors_01-24/Actor_05/03-01-01-01-01-02-05.wav
03-01-01-01-02-01-05.wav,01,neutral,05,Audios/audio_speech_actors_01-24/Actor_05/03-01-01-01-02-01-05.wav
03-01-01-01-02-02-05.wav,01,neutral,05,Audios/audio_speech_actors_01-24/Actor_05/03-01-01-01-02-02-05.wav
03-01-02-01-01-01-05.wav,02,calm,05,Audios/audio_speech_actors_01-24/Actor_05/03-01-02-01-01-01-05.wav
03-01-02-01-01-02-05.wav,02,calm,05,Audios/audio_speech_actors_01-24/Actor_05/03-01-02-01-01-02-05.wav
03-01-02-01-02-01-05.wav,02,calm,05,Audios/audio_speech_actors_01-24/Actor_05/03-01-02-01-02-01-05.wav
03-01-02-01-02-02-05.wav,02,calm,05,Audios/audio_speech_actors_01-24/Actor_05/03-01-02-01-02-02-05.wav
03-01-02-02-01-01-05.wav,02,calm,05,Audios/audio_speech_actors_01-24/Actor_05/03-01-02-02-01-01-05.wav
03-01-02-02-01-02-05.wav,02,calm,05,Audios/audio_speech_actors_01-24/Actor_05/03-01-02-02-01-02-05.wav
03-01-02-02-02-01-05.wav,02,calm,05,Audios/audio_speech_actors_01-24/Actor_05/03-01-02-02-02-01-05.wav
03-01-02-02-02-02-05.wav,02,calm,05,Audios/audio_speech_actors_01-24/Actor_05/03-01-02-02-02-02-05.wav
03-01-03-01-01-01-05.wav,03,happy,05,Audios/audio_speech_actors_01-24/Actor_05/03-01-03-01-01-01-05.wav
03-01-03-01-01-02-05.wav,03,happy,05,Audios/audio_speech_actors_01-24/Actor_05/03-01-03-01-01-02-05.wav
03-01-03-01-02-01-05.wav,03,happy,05,Audios/audio_speech_actors_01-24/Actor_05/03-01-03-01-02-01-05.wav
03-01-03-01-02-02-05.wav,03,happy,05,Audios/audio_speech_actors_01-24/Actor_05/03-01-03-01-02-02-05.wav
03-01-03-02-01-01-05.wav,03,happy,05,Audios/audio_speech_actors_01-24/Actor_05/03-01-03-02-01-01-05.wav
03-01-03-02-01-02-05.wav,03,happy,05,Audios/audio_speech_actors_01-24/Actor_05/03-01-03-02-01-02-05.wav
03-01-03-02-02-01-05.wav,03,happy,05,Audios/audio_speech_actors_01-24/Actor_05/03-01-03-02-02-01-05.wav
03-01-03-02-02-02-05.wav,03,happy,05,Audios/audio_speech_actors_01-24/Actor_05/03-01-03-02-02-02-05.wav
03-01-04-01-01-01-05.wav,04,sad,05,Audios/audio_speech_actors_01-24/Actor_05/03-01-04-01-01-01-05.wav
03-01-04-01-01-02-05.wav,04,sad,05,Audios/audio_speech_actors_01-24/Actor_05/03-01-04-01-01-02-05.wav
03-01-04-01-02-01-05.wav,04,sad,05,Audios/audio_speech_actors_01-24/Actor_05/03-01-04-01-02-01-05.wav
03-01-04-01-02-02-05.wav,04,sad,05,Audios/audio_speech_actors_01-24/Actor_05/03-01-04-01-02-02-05.wav
03-01-04-02-01-01-05.wav,04,sad,05,Audios/audio_speech_actors_01-24/Actor_05/03-01-04-02-01-01-05.wav
03-01-04-02-01-02-05.wav,04,sad,05,Audios/audio_speech_actors_01-24/Actor_05/03-01-04-02-01-02-05.wav
03-01-04-02-02-01-05.wav,04,sad,05,Audios/audio_speech_actors_01-24/Actor_05/03-01-04-02-02-01-05.wav
03-01-04-02-02-02-05.wav,04,sad,05,Audios/audio_speech_actors_01-24/Actor_05/03-01-04-02-02-02-05.wav
03-01-05-01-01-01-05.wav,05,angry,05,Audios/audio_speech_actors_01-24/Actor_05/03-01-05-01-01-01-05.wav
03-01-05-01-01-02-05.wav,05,angry,05,Audios/audio_speech_actors_01-24/Actor_05/03-01-05-01-01-02-05.wav
03-01-05-01-02-01-05.wav,05,angry,05,Audios/audio_speech_actors_01-24/Actor_05/03-01-05-01-02-01-05.wav
03-01-05-01-02-02-05.wav,05,angry,05,Audios/audio_speech_actors_01-24/Actor_05/03-01-05-01-02-02-05.wav
03-01-05-02-01-01-05.wav,05,angry,05,Audios/audio_speech_actors_01-24/Actor_05/03-01-05-02-01-01-05.wav
03-01-05-02-01-02-05.wav,05,angry,05,Audios/audio_speech_actors_01-24/Actor_05/03-01-05-02-01-02-05.wav
03-01-05-02-02-01-05.wav,05,angry,05,Audios/audio_speech_actors_01-24/Actor_05/03-01-05-02-02-01-05.wav
03-01-05-02-02-02-05.wav,05,angry,05,Audios/audio_speech_actors_01-24/Actor_05/03-01-05-02-02-02-05.wav
03-01-06-01-01-01-05.wav,06,fearful,05,Audios/audio_speech_actors_01-24/Actor_05/03-01-06-01-01-01-05.wav
03-01-06-01-01-02-05.wav,06,fearful,05,Audios/audio_speech_actors_01-24/Actor_05/03-01-06-01-01-02-05.wav
03-01-06-01-02-01-05.wav,06,fearful,05,Audios/audio_speech_actors_01-24/Actor_05/03-01-06-01-02-01-05.wav
03-01-06-01-02-02-05.wav,06,fearful,05,Audios/audio_speech_actors_01-24/Actor_05/03-01-06-01-02-02-05.wav
03-01-06-02-01-01-05.wav,06,fearful,05,Audios/audio_speech_actors_01-24/Actor_05/03-01-06-02-01-01-05.wav
03-01-06-02-01-02-05.wav,06,fearful,05,Audios/audio_speech_actors_01-24/Actor_05/03-01-06-02-01-02-05.wav
03-01-06-02-02-01-05.wav,06,fearful,05,Audios/audio_speech_actors_01-24/Actor_05/03-01-06-02-02-01-05.wav
03-01-06-02-02-02-05.wav,06,fearful,05,Audios/audio_speech_actors_01-24/Actor_05/03-01-06-02-02-02-05.wav
03-01-07-01-01-01-05.wav,07,disgust,05,Audios/audio_speech_actors_01-24/Actor_05/03-01-07-01-01-01-05.wav
03-01-07-01-01-02-05.wav,07,disgust,05,Audios/audio_speech_actors_01-24/Actor_05/03-01-07-01-01-02-05.wav
03-01-07-01-02-01-05.wav,07,disgust,05,Audios/audio_speech_actors_01-24/Actor_05/03-01-07-01-02-01-05.wav
03-01-07-01-02-02-05.wav,07,disgust,05,Audios/audio_speech_actors_01-24/Actor_05/03-01-07-01-02-02-05.wav
03-01-07-02-01-01-05.wav,07,disgust,05,Audios/audio_speech_actors_01-24/Actor_05/03-01-07-02-01-01-05.wav
03-01-07-02-01-02-05.wav,07,disgust,05,Audios/audio_speech_actors_01-24/Actor_05/03-01-07-02-01-02-05.wav
03-01-07-02-02-01-05.wav,07,disgust,05,Audios/audio_speech_actors_01-24/Actor_05/03-01-07-02-02-01-05.wav
03-01-07-02-02-02-05.wav,07,disgust,05,Audios/audio_speech_actors_01-24/Actor_05/03-01-07-02-02-02-05.wav
03-01-08-01-01-01-05.wav,08,surprised,05,Audios/audio_speech_actors_01-24/Actor_05/03-01-08-01-01-01-05.wav
03-01-08-01-01-02-05.wav,08,surprised,05,Audios/audio_speech_actors_01-24/Actor_05/03-01-08-01-01-02-05.wav
03-01-08-01-02-01-05.wav,08,surprised,05,Audios/audio_speech_actors_01-24/Actor_05/03-01-08-01-02-01-05.wav
03-01-08-01-02-02-05.wav,08,surprised,05,Audios/audio_speech_actors_01-24/Actor_05/03-01-08-01-02-02-05.wav
03-01-08-02-01-01-05.wav,08,surprised,05,Audios/audio_speech_actors_01-24/Actor_05/03-01-08-02-01-01-05.wav
03-01-08-02-01-02-05.wav,08,surprised,05,Audios/audio_speech_actors_01-24/Actor_05/03-01-08-02-01-02-05.wav
03-01-08-02-02-01-05.wav,08,surprised,05,Audios/audio_speech_actors_01-24/Actor_05/03-01-08-02-02-01-05.wav
03-01-08-02-02-02-05.wav,08,surprised,05,Audios/audio_speech_actors_01-24/Actor_05/03-01-08-02-02-02-05.wav
03-01-01-01-01-01-06.wav,01,neutral,06,Audios/audio_speech_actors_01-24/Actor_06/03-01-01-01-01-01-06.wav
03-01-01-01-01-02-06.wav,01,neutral,06,Audios/audio_speech_actors_01-24/Actor_06/03-01-01-01-01-02-06.wav
03-01-01-01-02-01-06.wav,01,neutral,06,Audios/audio_speech_actors_01-24/Actor_06/03-01-01-01-02-01-06.wav
03-01-01-01-02-02-06.wav,01,neutral,06,Audios/audio_speech_actors_01-24/Actor_06/03-01-01-01-02-02-06.wav
03-01-02-01-01-01-06.wav,02,calm,06,Audios/audio_speech_actors_01-24/Actor_06/03-01-02-01-01-01-06.wav
03-01-02-01-01-02-06.wav,02,calm,06,Audios/audio_speech_actors_01-24/Actor_06/03-01-02-01-01-02-06.wav
03-01-02-01-02-01-06.wav,02,calm,06,Audios/audio_speech_actors_01-24/Actor_06/03-01-02-01-02-01-06.wav
03-01-02-01-02-02-06.wav,02,calm,06,Audios/audio_speech_actors_01-24/Actor_06/03-01-02-01-02-02-06.wav
03-01-02-02-01-01-06.wav,02,calm,06,Audios/audio_speech_actors_01-24/Actor_06/03-01-02-02-01-01-06.wav
03-01-02-02-01-02-06.wav,02,calm,06,Audios/audio_speech_actors_01-24/Actor_06/03-01-02-02-01-02-06.wav
03-01-02-02-02-01-06.wav,02,calm,06,Audios/audio_speech_actors_01-24/Actor_06/03-01-02-02-02-01-06.wav
03-01-02-02-02-02-06.wav,02,calm,06,Audios/audio_speech_actors_01-24/Actor_06/03-01-02-02-02-02-06.wav
03-01-03-01-01-01-06.wav,03,happy,06,Audios/audio_speech_actors_01-24/Actor_06/03-01-03-01-01-01-06.wav
03-01-03-01-01-02-06.wav,03,happy,06,Audios/audio_speech_actors_01-24/Actor_06/03-01-03-01-01-02-06.wav
03-01-03-01-02-01-06.wav,03,happy,06,Audios/audio_speech_actors_01-24/Actor_06/03-01-03-01-02-01-06.wav
03-01-03-01-02-02-06.wav,03,happy,06,Audios/audio_speech_actors_01-24/Actor_06/03-01-03-01-02-02-06.wav
03-01-03-02-01-01-06.wav,03,happy,06,Audios/audio_speech_actors_01-24/Actor_06/03-01-03-02-01-01-06.wav
03-01-03-02-01-02-06.wav,03,happy,06,Audios/audio_speech_actors_01-24/Actor_06/03-01-03-02-01-02-06.wav
03-01-03-02-02-01-06.wav,03,happy,06,Audios/audio_speech_actors_01-24/Actor_06/03-01-03-02-02-01-06.wav
03-01-03-02-02-02-06.wav,03,happy,06,Audios/audio_speech_actors_01-24/Actor_06/03-01-03-02-02-02-06.wav
03-01-04-01-01-01-06.wav,04,sad,06,Audios/audio_speech_actors_01-24/Actor_06/03-01-04-01-01-01-06.wav
03-01-04-01-01-02-06.wav,04,sad,06,Audios/audio_speech_actors_01-24/Actor_06/03-01-04-01-01-02-06.wav
03-01-04-01-02-01-06.wav,04,sad,06,Audios/audio_speech_actors_01-24/Actor_06/03-01-04-01-02-01-06.wav
03-01-04-01-02-02-06.wav,04,sad,06,Audios/audio_speech_actors_01-24/Actor_06/03-01-04-01-02-02-06.wav
03-01-04-02-01-01-06.wav,04,sad,06,Audios/audio_speech_actors_01-24/Actor_06/03-01-04-02-01-01-06.wav
03-01-04-02-01-02-06.wav,04,sad,06,Audios/audio_speech_actors_01-24/Actor_06/03-01-04-02-01-02-06.wav
03-01-04-02-02-01-06.wav,04,sad,06,Audios/audio_speech_actors_01-24/Actor_06/03-01-04-02-02-01-06.wav
03-01-04-02-02-02-06.wav,04,sad,06,Audios/audio_speech_actors_01-24/Actor_06/03-01-04-02-02-02-06.wav
03-01-05-01-01-01-06.wav,05,angry,06,Audios/audio_speech_actors_01-24/Actor_06/03-01-05-01-01-01-06.wav
03-01-05-01-01-02-06.wav,05,angry,06,Audios/audio_speech_actors_01-24/Actor_06/03-01-05-01-01-02-06.wav
03-01-05-01-02-01-06.wav,05,angry,06,Audios/audio_speech_actors_01-24/Actor_06/03-01-05-01-02-01-06.wav
03-01-05-01-02-02-06.wav,05,angry,06,Audios/audio_speech_actors_01-24/Actor_06/03-01-05-01-02-02-06.wav
03-01-05-02-01-01-06.wav,05,angry,06,Audios/audio_speech_actors_01-24/Actor_06/03-01-05-02-01-01-06.wav
03-01-05-02-01-02-06.wav,05,angry,06,Audios/audio_speech_actors_01-24/Actor_06/03-01-05-02-01-02-06.wav
03-01-05-02-02-01-06.wav,05,angry,06,Audios/audio_speech_actors_01-24/Actor_06/03-01-05-02-02-01-06.wav
03-01-05-02-02-02-06.wav,05,angry,06,Audios/audio_speech_actors_01-24/Actor_06/03-01-05-02-02-02-06.wav
03-01-06-01-01-01-06.wav,06,fearful,06,Audios/audio_speech_actors_01-24/Actor_06/03-01-06-01-01-01-06.wav
03-01-06-01-01-02-06.wav,06,fearful,06,Audios/audio_speech_actors_01-24/Actor_06/03-01-06-01-01-02-06.wav
03-01-06-01-02-01-06.wav,06,fearful,06,Audios/audio_speech_actors_01-24/Actor_06/03-01-06-01-02-01-06.wav
03-01-06-01-02-02-06.wav,06,fearful,06,Audios/audio_speech_actors_01-24/Actor_06/03-01-06-01-02-02-06.wav
03-01-06-02-01-01-06.wav,06,fearful,06,Audios/audio_speech_actors_01-24/Actor_06/03-01-06-02-01-01-06.wav
03-01-06-02-01-02-06.wav,06,fearful,06,Audios/audio_speech_actors_01-24/Actor_06/03-01-06-02-01-02-06.wav
03-01-06-02-02-01-06.wav,06,fearful,06,Audios/audio_speech_actors_01-24/Actor_06/03-01-06-02-02-01-06.wav
03-01-06-02-02-02-06.wav,06,fearful,06,Audios/audio_speech_actors_01-24/Actor_06/03-01-06-02-02-02-06.wav
03-01-07-01-01-01-06.wav,07,disgust,06,Audios/audio_speech_actors_01-24/Actor_06/03-01-07-01-01-01-06.wav
03-01-07-01-01-02-06.wav,07,disgust,06,Audios/audio_speech_actors_01-24/Actor_06/03-01-07-01-01-02-06.wav
03-01-07-01-02-01-06.wav,07,disgust,06,Audios/audio_speech_actors_01-24/Actor_06/03-01-07-01-02-01-06.wav
03-01-07-01-02-02-06.wav,07,disgust,06,Audios/audio_speech_actors_01-24/Actor_06/03-01-07-01-02-02-06.wav
03-01-07-02-01-01-06.wav,07,disgust,06,Audios/audio_speech_actors_01-24/Actor_06/03-01-07-02-01-01-06.wav
03-01-07-02-01-02-06.wav,07,disgust,06,Audios/audio_speech_actors_01-24/Actor_06/03-01-07-02-01-02-06.wav
03-01-07-02-02-01-06.wav,07,disgust,06,Audios/audio_speech_actors_01-24/Actor_06/03-01-07-02-02-01-06.wav
03-01-07-02-02-02-06.wav,07,disgust,06,Audios/audio_speech_actors_01-24/Actor_06/03-01-07-02-02-02-06.wav
03-01-08-01-01-01-06.wav,08,surprised,06,Audios/audio_speech_actors_01-24/Actor_06/03-01-08-01-01-01-06.wav
03-01-08-01-01-02-06.wav,08,surprised,06,Audios/audio_speech_actors_01-24/Actor_06/03-01-08-01-01-02-06.wav
03-01-08-01-02-01-06.wav,08,surprised,06,Audios/audio_speech_actors_01-24/Actor_06/03-01-08-01-02-01-06.wav
03-01-08-01-02-02-06.wav,08,surprised,06,Audios/audio_speech_actors_01-24/Actor_06/03-01-08-01-02-02-06.wav
03-01-08-02-01-01-06.wav,08,surprised,06,Audios/audio_speech_actors_01-24/Actor_06/03-01-08-02-01-01-06.wav
03-01-08-02-01-02-06.wav,08,surprised,06,Audios/audio_speech_actors_01-24/Actor_06/03-01-08-02-01-02-06.wav
03-01-08-02-02-01-06.wav,08,surprised,06,Audios/audio_speech_actors_01-24/Actor_06/03-01-08-02-02-01-06.wav
03-01-08-02-02-02-06.wav,08,surprised,06,Audios/audio_speech_actors_01-24/Actor_06/03-01-08-02-02-02-06.wav
03-01-01-01-01-01-07.wav,01,neutral,07,Audios/audio_speech_actors_01-24/Actor_07/03-01-01-01-01-01-07.wav
03-01-01-01-01-02-07.wav,01,neutral,07,Audios/audio_speech_actors_01-24/Actor_07/03-01-01-01-01-02-07.wav
03-01-01-01-02-01-07.wav,01,neutral,07,Audios/audio_speech_actors_01-24/Actor_07/03-01-01-01-02-01-07.wav
03-01-01-01-02-02-07.wav,01,neutral,07,Audios/audio_speech_actors_01-24/Actor_07/03-01-01-01-02-02-07.wav
03-01-02-01-01-01-07.wav,02,calm,07,Audios/audio_speech_actors_01-24/Actor_07/03-01-02-01-01-01-07.wav
03-01-02-01-01-02-07.wav,02,calm,07,Audios/audio_speech_actors_01-24/Actor_07/03-01-02-01-01-02-07.wav
03-01-02-01-02-01-07.wav,02,calm,07,Audios/audio_speech_actors_01-24/Actor_07/03-01-02-01-02-01-07.wav
03-01-02-01-02-02-07.wav,02,calm,07,Audios/audio_speech_actors_01-24/Actor_07/03-01-02-01-02-02-07.wav
03-01-02-02-01-01-07.wav,02,calm,07,Audios/audio_speech_actors_01-24/Actor_07/03-01-02-02-01-01-07.wav
03-01-02-02-01-02-07.wav,02,calm,07,Audios/audio_speech_actors_01-24/Actor_07/03-01-02-02-01-02-07.wav
03-01-02-02-02-01-07.wav,02,calm,07,Audios/audio_speech_actors_01-24/Actor_07/03-01-02-02-02-01-07.wav
03-01-02-02-02-02-07.wav,02,calm,07,Audios/audio_speech_actors_01-24/Actor_07/03-01-02-02-02-02-07.wav
03-01-03-01-01-01-07.wav,03,happy,07,Audios/audio_speech_actors_01-24/Actor_07/03-01-03-01-01-01-07.wav
03-01-03-01-01-02-07.wav,03,happy,07,Audios/audio_speech_actors_01-24/Actor_07/03-01-03-01-01-02-07.wav
03-01-03-01-02-01-07.wav,03,happy,07,Audios/audio_speech_actors_01-24/Actor_07/03-01-03-01-02-01-07.wav
03-01-03-01-02-02-07.wav,03,happy,07,Audios/audio_speech_actors_01-24/Actor_07/03-01-03-01-02-02-07.wav
03-01-03-02-01-01-07.wav,03,happy,07,Audios/audio_speech_actors_01-24/Actor_07/03-01-03-02-01-01-07.wav
03-01-03-02-01-02-07.wav,03,happy,07,Audios/audio_speech_actors_01-24/Actor_07/03-01-03-02-01-02-07.wav
03-01-03-02-02-01-07.wav,03,happy,07,Audios/audio_speech_actors_01-24/Actor_07/03-01-03-02-02-01-07.wav
03-01-03-02-02-02-07.wav,03,happy,07,Audios/audio_speech_actors_01-24/Actor_07/03-01-03-02-02-02-07.wav
03-01-04-01-01-01-07.wav,04,sad,07,Audios/audio_speech_actors_01-24/Actor_07/03-01-04-01-01-01-07.wav
03-01-04-01-01-02-07.wav,04,sad,07,Audios/audio_speech_actors_01-24/Actor_07/03-01-04-01-01-02-07.wav
03-01-04-01-02-01-07.wav,04,sad,07,Audios/audio_speech_actors_01-24/Actor_07/03-01-04-01-02-01-07.wav
03-01-04-01-02-02-07.wav,04,sad,07,Audios/audio_speech_actors_01-24/Actor_07/03-01-04-01-02-02-07.wav
03-01-04-02-01-01-07.wav,04,sad,07,Audios/audio_speech_actors_01-24/Actor_07/03-01-04-02-01-01-07.wav
03-01-04-02-01-02-07.wav,04,sad,07,Audios/audio_speech_actors_01-24/Actor_07/03-01-04-02-01-02-07.wav
03-01-04-02-02-01-07.wav,04,sad,07,Audios/audio_speech_actors_01-24/Actor_07/03-01-04-02-02-01-07.wav
03-01-04-02-02-02-07.wav,04,sad,07,Audios/audio_speech_actors_01-24/Actor_07/03-01-04-02-02-02-07.wav
03-01-05-01-01-01-07.wav,05,angry,07,Audios/audio_speech_actors_01-24/Actor_07/03-01-05-01-01-01-07.wav
03-01-05-01-01-02-07.wav,05,angry,07,Audios/audio_speech_actors_01-24/Actor_07/03-01-05-01-01-02-07.wav
03-01-05-01-02-01-07.wav,05,angry,07,Audios/audio_speech_actors_01-24/Actor_07/03-01-05-01-02-01-07.wav
03-01-05-01-02-02-07.wav,05,angry,07,Audios/audio_speech_actors_01-24/Actor_07/03-01-05-01-02-02-07.wav
03-01-05-02-01-01-07.wav,05,angry,07,Audios/audio_speech_actors_01-24/Actor_07/03-01-05-02-01-01-07.wav
03-01-05-02-01-02-07.wav,05,angry,07,Audios/audio_speech_actors_01-24/Actor_07/03-01-05-02-01-02-07.wav
03-01-05-02-02-01-07.wav,05,angry,07,Audios/audio_speech_actors_01-24/Actor_07/03-01-05-02-02-01-07.wav
03-01-05-02-02-02-07.wav,05,angry,07,Audios/audio_speech_actors_01-24/Actor_07/03-01-05-02-02-02-07.wav
03-01-06-01-01-01-07.wav,06,fearful,07,Audios/audio_speech_actors_01-24/Actor_07/03-01-06-01-01-01-07.wav
03-01-06-01-01-02-07.wav,06,fearful,07,Audios/audio_speech_actors_01-24/Actor_07/03-01-06-01-01-02-07.wav
03-01-06-01-02-01-07.wav,06,fearful,07,Audios/audio_speech_actors_01-24/Actor_07/03-01-06-01-02-01-07.wav
03-01-06-01-02-02-07.wav,06,fearful,07,Audios/audio_speech_actors_01-24/Actor_07/03-01-06-01-02-02-07.wav
03-01-06-02-01-01-07.wav,06,fearful,07,Audios/audio_speech_actors_01-24/Actor_07/03-01-06-02-01-01-07.wav
03-01-06-02-01-02-07.wav,06,fearful,07,Audios/audio_speech_actors_01-24/Actor_07/03-01-06-02-01-02-07.wav
03-01-06-02-02-01-07.wav,06,fearful,07,Audios/audio_speech_actors_01-24/Actor_07/03-01-06-02-02-01-07.wav
03-01-06-02-02-02-07.wav,06,fearful,07,Audios/audio_speech_actors_01-24/Actor_07/03-01-06-02-02-02-07.wav
03-01-07-01-01-01-07.wav,07,disgust,07,Audios/audio_speech_actors_01-24/Actor_07/03-01-07-01-01-01-07.wav
03-01-07-01-01-02-07.wav,07,disgust,07,Audios/audio_speech_actors_01-24/Actor_07/03-01-07-01-01-02-07.wav
03-01-07-01-02-01-07.wav,07,disgust,07,Audios/audio_speech_actors_01-24/Actor_07/03-01-07-01-02-01-07.wav
03-01-07-01-02-02-07.wav,07,disgust,07,Audios/audio_speech_actors_01-24/Actor_07/03-01-07-01-02-02-07.wav
03-01-07-02-01-01-07.wav,07,disgust,07,Audios/audio_speech_actors_01-24/Actor_07/03-01-07-02-01-01-07.wav
03-01-07-02-01-02-07.wav,07,disgust,07,Audios/audio_speech_actors_01-24/Actor_07/03-01-07-02-01-02-07.wav
03-01-07-02-02-01-07.wav,07,disgust,07,Audios/audio_speech_actors_01-24/Actor_07/03-01-07-02-02-01-07.wav
03-01-07-02-02-02-07.wav,07,disgust,07,Audios/audio_speech_actors_01-24/Actor_07/03-01-07-02-02-02-07.wav
03-01-08-01-01-01-07.wav,08,surprised,07,Audios/audio_speech_actors_01-24/Actor_07/03-01-08-01-01-01-07.wav
03-01-08-01-01-02-07.wav,08,surprised,07,Audios/audio_speech_actors_01-24/Actor_07/03-01-08-01-01-02-07.wav
03-01-08-01-02-01-07.wav,08,surprised,07,Audios/audio_speech_actors_01-24/Actor_07/03-01-08-01-02-01-07.wav
03-01-08-01-02-02-07.wav,08,surprised,07,Audios/audio_speech_actors_01-24/Actor_07/03-01-08-01-02-02-07.wav
03-01-08-02-01-01-07.wav,08,surprised,07,Audios/audio_speech_actors_01-24/Actor_07/03-01-08-02-01-01-07.wav
03-01-08-02-01-02-07.wav,08,surprised,07,Audios/audio_speech_actors_01-24/Actor_07/03-01-08-02-01-02-07.wav
03-01-08-02-02-01-07.wav,08,surprised,07,Audios/audio_speech_actors_01-24/Actor_07/03-01-08-02-02-01-07.wav
03-01-08-02-02-02-07.wav,08,surprised,07,Audios/audio_speech_actors_01-24/Actor_07/03-01-08-02-02-02-07.wav
03-01-01-01-01-01-08.wav,01,neutral,08,Audios/audio_speech_actors_01-24/Actor_08/03-01-01-01-01-01-08.wav
03-01-01-01-01-02-08.wav,01,neutral,08,Audios/audio_speech_actors_01-24/Actor_08/03-01-01-01-01-02-08.wav
03-01-01-01-02-01-08.wav,01,neutral,08,Audios/audio_speech_actors_01-24/Actor_08/03-01-01-01-02-01-08.wav
03-01-01-01-02-02-08.wav,01,neutral,08,Audios/audio_speech_actors_01-24/Actor_08/03-01-01-01-02-02-08.wav
03-01-02-01-01-01-08.wav,02,calm,08,Audios/audio_speech_actors_01-24/Actor_08/03-01-02-01-01-01-08.wav
03-01-02-01-01-02-08.wav,02,calm,08,Audios/audio_speech_actors_01-24/Actor_08/03-01-02-01-01-02-08.wav
03-01-02-01-02-01-08.wav,02,calm,08,Audios/audio_speech_actors_01-24/Actor_08/03-01-02-01-02-01-08.wav
03-01-02-01-02-02-08.wav,02,calm,08,Audios/audio_speech_actors_01-24/Actor_08/03-01-02-01-02-02-08.wav
03-01-02-02-01-01-08.wav,02,calm,08,Audios/audio_speech_actors_01-24/Actor_08/03-01-02-02-01-01-08.wav
03-01-02-02-01-02-08.wav,02,calm,08,Audios/audio_speech_actors_01-24/Actor_08/03-01-02-02-01-02-08.wav
03-01-02-02-02-01-08.wav,02,calm,08,Audios/audio_speech_actors_01-24/Actor_08/03-01-02-02-02-01-08.wav
03-01-02-02-02-02-08.wav,02,calm,08,Audios/audio_speech_actors_01-24/Actor_08/03-01-02-02-02-02-08.wav
03-01-03-01-01-01-08.wav,03,happy,08,Audios/audio_speech_actors_01-24/Actor_08/03-01-03-01-01-01-08.wav
03-01-03-01-01-02-08.wav,03,happy,08,Audios/audio_speech_actors_01-24/Actor_08/03-01-03-01-01-02-08.wav
03-01-03-01-02-01-08.wav,03,happy,08,Audios/audio_speech_actors_01-24/Actor_08/03-01-03-01-02-01-08.wav
03-01-03-01-02-02-08.wav,03,happy,08,Audios/audio_speech_actors_01-24/Actor_08/03-01-03-01-02-02-08.wav
03-01-03-02-01-01-08.wav,03,happy,08,Audios/audio_speech_actors_01-24/Actor_08/03-01-03-02-01-01-08.wav
03-01-03-02-01-02-08.wav,03,happy,08,Audios/audio_speech_actors_01-24/Actor_08/03-01-03-02-01-02-08.wav
03-01-03-02-02-01-08.wav,03,happy,08,Audios/audio_speech_actors_01-24/Actor_08/03-01-03-02-02-01-08.wav
03-01-03-02-02-02-08.wav,03,happy,08,Audios/audio_speech_actors_01-24/Actor_08/03-01-03-02-02-02-08.wav
03-01-04-01-01-01-08.wav,04,sad,08,Audios/audio_speech_actors_01-24/Actor_08/03-01-04-01-01-01-08.wav
03-01-04-01-01-02-08.wav,04,sad,08,Audios/audio_speech_actors_01-24/Actor_08/03-01-04-01-01-02-08.wav
03-01-04-01-02-01-08.wav,04,sad,08,Audios/audio_speech_actors_01-24/Actor_08/03-01-04-01-02-01-08.wav
03-01-04-01-02-02-08.wav,04,sad,08,Audios/audio_speech_actors_01-24/Actor_08/03-01-04-01-02-02-08.wav
03-01-04-02-01-01-08.wav,04,sad,08,Audios/audio_speech_actors_01-24/Actor_08/03-01-04-02-01-01-08.wav
03-01-04-02-01-02-08.wav,04,sad,08,Audios/audio_speech_actors_01-24/Actor_08/03-01-04-02-01-02-08.wav
03-01-04-02-02-01-08.wav,04,sad,08,Audios/audio_speech_actors_01-24/Actor_08/03-01-04-02-02-01-08.wav
03-01-04-02-02-02-08.wav,04,sad,08,Audios/audio_speech_actors_01-24/Actor_08/03-01-04-02-02-02-08.wav
03-01-05-01-01-01-08.wav,05,angry,08,Audios/audio_speech_actors_01-24/Actor_08/03-01-05-01-01-01-08.wav
03-01-05-01-01-02-08.wav,05,angry,08,Audios/audio_speech_actors_01-24/Actor_08/03-01-05-01-01-02-08.wav
03-01-05-01-02-01-08.wav,05,angry,08,Audios/audio_speech_actors_01-24/Actor_08/03-01-05-01-02-01-08.wav
03-01-05-01-02-02-08.wav,05,angry,08,Audios/audio_speech_actors_01-24/Actor_08/03-01-05-01-02-02-08.wav
03-01-05-02-01-01-08.wav,05,angry,08,Audios/audio_speech_actors_01-24/Actor_08/03-01-05-02-01-01-08.wav
03-01-05-02-01-02-08.wav,05,angry,08,Audios/audio_speech_actors_01-24/Actor_08/03-01-05-02-01-02-08.wav
03-01-05-02-02-01-08.wav,05,angry,08,Audios/audio_speech_actors_01-24/Actor_08/03-01-05-02-02-01-08.wav
03-01-05-02-02-02-08.wav,05,angry,08,Audios/audio_speech_actors_01-24/Actor_08/03-01-05-02-02-02-08.wav
03-01-06-01-01-01-08.wav,06,fearful,08,Audios/audio_speech_actors_01-24/Actor_08/03-01-06-01-01-01-08.wav
03-01-06-01-01-02-08.wav,06,fearful,08,Audios/audio_speech_actors_01-24/Actor_08/03-01-06-01-01-02-08.wav
03-01-06-01-02-01-08.wav,06,fearful,08,Audios/audio_speech_actors_01-24/Actor_08/03-01-06-01-02-01-08.wav
03-01-06-01-02-02-08.wav,06,fearful,08,Audios/audio_speech_actors_01-24/Actor_08/03-01-06-01-02-02-08.wav
03-01-06-02-01-01-08.wav,06,fearful,08,Audios/audio_speech_actors_01-24/Actor_08/03-01-06-02-01-01-08.wav
03-01-06-02-01-02-08.wav,06,fearful,08,Audios/audio_speech_actors_01-24/Actor_08/03-01-06-02-01-02-08.wav
03-01-06-02-02-01-08.wav,06,fearful,08,Audios/audio_speech_actors_01-24/Actor_08/03-01-06-02-02-01-08.wav
03-01-06-02-02-02-08.wav,06,fearful,08,Audios/audio_speech_actors_01-24/Actor_08/03-01-06-02-02-02-08.wav
03-01-07-01-01-01-08.wav,07,disgust,08,Audios/audio_speech_actors_01-24/Actor_08/03-01-07-01-01-01-08.wav
03-01-07-01-01-02-08.wav,07,disgust,08,Audios/audio_speech_actors_01-24/Actor_08/03-01-07-01-01-02-08.wav
03-01-07-01-02-01-08.wav,07,disgust,08,Audios/audio_speech_actors_01-24/Actor_08/03-01-07-01-02-01-08.wav
03-01-07-01-02-02-08.wav,07,disgust,08,Audios/audio_speech_actors_01-24/Actor_08/03-01-07-01-02-02-08.wav
03-01-07-02-01-01-08.wav,07,disgust,08,Audios/audio_speech_actors_01-24/Actor_08/03-01-07-02-01-01-08.wav
03-01-07-02-01-02-08.wav,07,disgust,08,Audios/audio_speech_actors_01-24/Actor_08/03-01-07-02-01-02-08.wav
03-01-07-02-02-01-08.wav,07,disgust,08,Audios/audio_speech_actors_01-24/Actor_08/03-01-07-02-02-01-08.wav
03-01-07-02-02-02-08.wav,07,disgust,08,Audios/audio_speech_actors_01-24/Actor_08/03-01-07-02-02-02-08.wav
03-01-08-01-01-01-08.wav,08,surprised,08,Audios/audio_speech_actors_01-24/Actor_08/03-01-08-01-01-01-08.wav
03-01-08-01-01-02-08.wav,08,surprised,08,Audios/audio_speech_actors_01-24/Actor_08/03-01-08-01-01-02-08.wav
03-01-08-01-02-01-08.wav,08,surprised,08,Audios/audio_speech_actors_01-24/Actor_08/03-01-08-01-02-01-08.wav
03-01-08-01-02-02-08.wav,08,surprised,08,Audios/audio_speech_actors_01-24/Actor_08/03-01-08-01-02-02-08.wav
03-01-08-02-01-01-08.wav,08,surprised,08,Audios/audio_speech_actors_01-24/Actor_08/03-01-08-02-01-01-08.wav
03-01-08-02-01-02-08.wav,08,surprised,08,Audios/audio_speech_actors_01-24/Actor_08/03-01-08-02-01-02-08.wav
03-01-08-02-02-01-08.wav,08,surprised,08,Audios/audio_speech_actors_01-24/Actor_08/03-01-08-02-02-01-08.wav
03-01-08-02-02-02-08.wav,08,surprised,08,Audios/audio_speech_actors_01-24/Actor_08/03-01-08-02-02-02-08.wav
03-01-01-01-01-01-09.wav,01,neutral,09,Audios/audio_speech_actors_01-24/Actor_09/03-01-01-01-01-01-09.wav
03-01-01-01-01-02-09.wav,01,neutral,09,Audios/audio_speech_actors_01-24/Actor_09/03-01-01-01-01-02-09.wav
03-01-01-01-02-01-09.wav,01,neutral,09,Audios/audio_speech_actors_01-24/Actor_09/03-01-01-01-02-01-09.wav
03-01-01-01-02-02-09.wav,01,neutral,09,Audios/audio_speech_actors_01-24/Actor_09/03-01-01-01-02-02-09.wav
03-01-02-01-01-01-09.wav,02,calm,09,Audios/audio_speech_actors_01-24/Actor_09/03-01-02-01-01-01-09.wav
03-01-02-01-01-02-09.wav,02,calm,09,Audios/audio_speech_actors_01-24/Actor_09/03-01-02-01-01-02-09.wav
03-01-02-01-02-01-09.wav,02,calm,09,Audios/audio_speech_actors_01-24/Actor_09/03-01-02-01-02-01-09.wav
03-01-02-01-02-02-09.wav,02,calm,09,Audios/audio_speech_actors_01-24/Actor_09/03-01-02-01-02-02-09.wav
03-01-02-02-01-01-09.wav,02,calm,09,Audios/audio_speech_actors_01-24/Actor_09/03-01-02-02-01-01-09.wav
03-01-02-02-01-02-09.wav,02,calm,09,Audios/audio_speech_actors_01-24/Actor_09/03-01-02-02-01-02-09.wav
03-01-02-02-02-01-09.wav,02,calm,09,Audios/audio_speech_actors_01-24/Actor_09/03-01-02-02-02-01-09.wav
03-01-02-02-02-02-09.wav,02,calm,09,Audios/audio_speech_actors_01-24/Actor_09/03-01-02-02-02-02-09.wav
03-01-03-01-01-01-09.wav,03,happy,09,Audios/audio_speech_actors_01-24/Actor_09/03-01-03-01-01-01-09.wav
03-01-03-01-01-02-09.wav,03,happy,09,Audios/audio_speech_actors_01-24/Actor_09/03-01-03-01-01-02-09.wav
03-01-03-01-02-01-09.wav,03,happy,09,Audios/audio_speech_actors_01-24/Actor_09/03-01-03-01-02-01-09.wav
03-01-03-01-02-02-09.wav,03,happy,09,Audios/audio_speech_actors_01-24/Actor_09/03-01-03-01-02-02-09.wav
03-01-03-02-01-01-09.wav,03,happy,09,Audios/audio_speech_actors_01-24/Actor_09/03-01-03-02-01-01-09.wav
03-01-03-02-01-02-09.wav,03,happy,09,Audios/audio_speech_actors_01-24/Actor_09/03-01-03-02-01-02-09.wav
03-01-03-02-02-01-09.wav,03,happy,09,Audios/audio_speech_actors_01-24/Actor_09/03-01-03-02-02-01-09.wav
03-01-03-02-02-02-09.wav,03,happy,09,Audios/audio_speech_actors_01-24/Actor_09/03-01-03-02-02-02-09.wav
03-01-04-01-01-01-09.wav,04,sad,09,Audios/audio_speech_actors_01-24/Actor_09/03-01-04-01-01-01-09.wav
03-01-04-01-01-02-09.wav,04,sad,09,Audios/audio_speech_actors_01-24/Actor_09/03-01-04-01-01-02-09.wav
03-01-04-01-02-01-09.wav,04,sad,09,Audios/audio_speech_actors_01-24/Actor_09/03-01-04-01-02-01-09.wav
03-01-04-01-02-02-09.wav,04,sad,09,Audios/audio_speech_actors_01-24/Actor_09/03-01-04-01-02-02-09.wav
03-01-04-02-01-01-09.wav,04,sad,09,Audios/audio_speech_actors_01-24/Actor_09/03-01-04-02-01-01-09.wav
03-01-04-02-01-02-09.wav,04,sad,09,Audios/audio_speech_actors_01-24/Actor_09/03-01-04-02-01-02-09.wav
03-01-04-02-02-01-09.wav,04,sad,09,Audios/audio_speech_actors_01-24/Actor_09/03-01-04-02-02-01-09.wav
03-01-04-02-02-02-09.wav,04,sad,09,Audios/audio_speech_actors_01-24/Actor_09/03-01-04-02-02-02-09.wav
03-01-05-01-01-01-09.wav,05,angry,09,Audios/audio_speech_actors_01-24/Actor_09/03-01-05-01-01-01-09.wav
03-01-05-01-01-02-09.wav,05,angry,09,Audios/audio_speech_actors_01-24/Actor_09/03-01-05-01-01-02-09.wav
03-01-05-01-02-01-09.wav,05,angry,09,Audios/audio_speech_actors_01-24/Actor_09/03-01-05-01-02-01-09.wav
03-01-05-01-02-02-09.wav,05,angry,09,Audios/audio_speech_actors_01-24/Actor_09/03-01-05-01-02-02-09.wav
03-01-05-02-01-01-09.wav,05,angry,09,Audios/audio_speech_actors_01-24/Actor_09/03-01-05-02-01-01-09.wav
03-01-05-02-01-02-09.wav,05,angry,09,Audios/audio_speech_actors_01-24/Actor_09/03-01-05-02-01-02-09.wav
03-01-05-02-02-01-09.wav,05,angry,09,Audios/audio_speech_actors_01-24/Actor_09/03-01-05-02-02-01-09.wav
03-01-05-02-02-02-09.wav,05,angry,09,Audios/audio_speech_actors_01-24/Actor_09/03-01-05-02-02-02-09.wav
03-01-06-01-01-01-09.wav,06,fearful,09,Audios/audio_speech_actors_01-24/Actor_09/03-01-06-01-01-01-09.wav
03-01-06-01-01-02-09.wav,06,fearful,09,Audios/audio_speech_actors_01-24/Actor_09/03-01-06-01-01-02-09.wav
03-01-06-01-02-01-09.wav,06,fearful,09,Audios/audio_speech_actors_01-24/Actor_09/03-01-06-01-02-01-09.wav
03-01-06-01-02-02-09.wav,06,fearful,09,Audios/audio_speech_actors_01-24/Actor_09/03-01-06-01-02-02-09.wav
03-01-06-02-01-01-09.wav,06,fearful,09,Audios/audio_speech_actors_01-24/Actor_09/03-01-06-02-01-01-09.wav
03-01-06-02-01-02-09.wav,06,fearful,09,Audios/audio_speech_actors_01-24/Actor_09/03-01-06-02-01-02-09.wav
03-01-06-02-02-01-09.wav,06,fearful,09,Audios/audio_speech_actors_01-24/Actor_09/03-01-06-02-02-01-09.wav
03-01-06-02-02-02-09.wav,06,fearful,09,Audios/audio_speech_actors_01-24/Actor_09/03-01-06-02-02-02-09.wav
03-01-07-01-01-01-09.wav,07,disgust,09,Audios/audio_speech_actors_01-24/Actor_09/03-01-07-01-01-01-09.wav
03-01-07-01-01-02-09.wav,07,disgust,09,Audios/audio_speech_actors_01-24/Actor_09/03-01-07-01-01-02-09.wav
03-01-07-01-02-01-09.wav,07,disgust,09,Audios/audio_speech_actors_01-24/Actor_09/03-01-07-01-02-01-09.wav
03-01-07-01-02-02-09.wav,07,disgust,09,Audios/audio_speech_actors_01-24/Actor_09/03-01-07-01-02-02-09.wav
03-01-07-02-01-01-09.wav,07,disgust,09,Audios/audio_speech_actors_01-24/Actor_09/03-01-07-02-01-01-09.wav
03-01-07-02-01-02-09.wav,07,disgust,09,Audios/audio_speech_actors_01-24/Actor_09/03-01-07-02-01-02-09.wav
03-01-07-02-02-01-09.wav,07,disgust,09,Audios/audio_speech_actors_01-24/Actor_09/03-01-07-02-02-01-09.wav
03-01-07-02-02-02-09.wav,07,disgust,09,Audios/audio_speech_actors_01-24/Actor_09/03-01-07-02-02-02-09.wav
03-01-08-01-01-01-09.wav,08,surprised,09,Audios/audio_speech_actors_01-24/Actor_09/03-01-08-01-01-01-09.wav
03-01-08-01-01-02-09.wav,08,surprised,09,Audios/audio_speech_actors_01-24/Actor_09/03-01-08-01-01-02-09.wav
03-01-08-01-02-01-09.wav,08,surprised,09,Audios/audio_speech_actors_01-24/Actor_09/03-01-08-01-02-01-09.wav
03-01-08-01-02-02-09.wav,08,surprised,09,Audios/audio_speech_actors_01-24/Actor_09/03-01-08-01-02-02-09.wav
03-01-08-02-01-01-09.wav,08,surprised,09,Audios/audio_speech_actors_01-24/Actor_09/03-01-08-02-01-01-09.wav
03-01-08-02-01-02-09.wav,08,surprised,09,Audios/audio_speech_actors_01-24/Actor_09/03-01-08-02-01-02-09.wav
03-01-08-02-02-01-09.wav,08,surprised,09,Audios/audio_speech_actors_01-24/Actor_09/03-01-08-02-02-01-09.wav
03-01-08-02-02-02-09.wav,08,surprised,09,Audios/audio_speech_actors_01-24/Actor_09/03-01-08-02-02-02-09.wav
03-01-01-01-01-01-10.wav,01,neutral,10,Audios/audio_speech_actors_01-24/Actor_10/03-01-01-01-01-01-10.wav
03-01-01-01-01-02-10.wav,01,neutral,10,Audios/audio_speech_actors_01-24/Actor_10/03-01-01-01-01-02-10.wav
03-01-01-01-02-01-10.wav,01,neutral,10,Audios/audio_speech_actors_01-24/Actor_10/03-01-01-01-02-01-10.wav
03-01-01-01-02-02-10.wav,01,neutral,10,Audios/audio_speech_actors_01-24/Actor_10/03-01-01-01-02-02-10.wav
03-01-02-01-01-01-10.wav,02,calm,10,Audios/audio_speech_actors_01-24/Actor_10/03-01-02-01-01-01-10.wav
03-01-02-01-01-02-10.wav,02,calm,10,Audios/audio_speech_actors_01-24/Actor_10/03-01-02-01-01-02-10.wav
03-01-02-01-02-01-10.wav,02,calm,10,Audios/audio_speech_actors_01-24/Actor_10/03-01-02-01-02-01-10.wav
03-01-02-01-02-02-10.wav,02,calm,10,Audios/audio_speech_actors_01-24/Actor_10/03-01-02-01-02-02-10.wav
03-01-02-02-01-01-10.wav,02,calm,10,Audios/audio_speech_actors_01-24/Actor_10/03-01-02-02-01-01-10.wav
03-01-02-02-01-02-10.wav,02,calm,10,Audios/audio_speech_actors_01-24/Actor_10/03-01-02-02-01-02-10.wav
03-01-02-02-02-01-10.wav,02,calm,10,Audios/audio_speech_actors_01-24/Actor_10/03-01-02-02-02-01-10.wav
03-01-02-02-02-02-10.wav,02,calm,10,Audios/audio_speech_actors_01-24/Actor_10/03-01-02-02-02-02-10.wav
03-01-03-01-01-01-10.wav,03,happy,10,Audios/audio_speech_actors_01-24/Actor_10/03-01-03-01-01-01-10.wav
03-01-03-01-01-02-10.wav,03,happy,10,Audios/audio_speech_actors_01-24/Actor_10/03-01-03-01-01-02-10.wav
03-01-03-01-02-01-10.wav,03,happy,10,Audios/audio_speech_actors_01-24/Actor_10/03-01-03-01-02-01-10.wav
03-01-03-01-02-02-10.wav,03,happy,10,Audios/audio_speech_actors_01-24/Actor_10/03-01-03-01-02-02-10.wav
03-01-03-02-01-01-10.wav,03,happy,10,Audios/audio_speech_actors_01-24/Actor_10/03-01-03-02-01-01-10.wav
03-01-03-02-01-02-10.wav,03,happy,10,Audios/audio_speech_actors_01-24/Actor_10/03-01-03-02-01-02-10.wav
03-01-03-02-02-01-10.wav,03,happy,10,Audios/audio_speech_actors_01-24/Actor_10/03-01-03-02-02-01-10.wav
03-01-03-02-02-02-10.wav,03,happy,10,Audios/audio_speech_actors_01-24/Actor_10/03-01-03-02-02-02-10.wav
03-01-04-01-01-01-10.wav,04,sad,10,Audios/audio_speech_actors_01-24/Actor_10/03-01-04-01-01-01-10.wav
03-01-04-01-01-02-10.wav,04,sad,10,Audios/audio_speech_actors_01-24/Actor_10/03-01-04-01-01-02-10.wav
03-01-04-01-02-01-10.wav,04,sad,10,Audios/audio_speech_actors_01-24/Actor_10/03-01-04-01-02-01-10.wav
03-01-04-01-02-02-10.wav,04,sad,10,Audios/audio_speech_actors_01-24/Actor_10/03-01-04-01-02-02-10.wav
03-01-04-02-01-01-10.wav,04,sad,10,Audios/audio_speech_actors_01-24/Actor_10/03-01-04-02-01-01-10.wav
03-01-04-02-01-02-10.wav,04,sad,10,Audios/audio_speech_actors_01-24/Actor_10/03-01-04-02-01-02-10.wav
03-01-04-02-02-01-10.wav,04,sad,10,Audios/audio_speech_actors_01-24/Actor_10/03-01-04-02-02-01-10.wav
03-01-04-02-02-02-10.wav,04,sad,10,Audios/audio_speech_actors_01-24/Actor_10/03-01-04-02-02-02-10.wav
03-01-05-01-01-01-10.wav,05,angry,10,Audios/audio_speech_actors_01-24/Actor_10/03-01-05-01-01-01-10.wav
03-01-05-01-01-02-10.wav,05,angry,10,Audios/audio_speech_actors_01-24/Actor_10/03-01-05-01-01-02-10.wav
03-01-05-01-02-01-10.wav,05,angry,10,Audios/audio_speech_actors_01-24/Actor_10/03-01-05-01-02-01-10.wav
03-01-05-01-02-02-10.wav,05,angry,10,Audios/audio_speech_actors_01-24/Actor_10/03-01-05-01-02-02-10.wav
03-01-05-02-01-01-10.wav,05,angry,10,Audios/audio_speech_actors_01-24/Actor_10/03-01-05-02-01-01-10.wav
03-01-05-02-01-02-10.wav,05,angry,10,Audios/audio_speech_actors_01-24/Actor_10/03-01-05-02-01-02-10.wav
03-01-05-02-02-01-10.wav,05,angry,10,Audios/audio_speech_actors_01-24/Actor_10/03-01-05-02-02-01-10.wav
03-01-05-02-02-02-10.wav,05,angry,10,Audios/audio_speech_actors_01-24/Actor_10/03-01-05-02-02-02-10.wav
03-01-06-01-01-01-10.wav,06,fearful,10,Audios/audio_speech_actors_01-24/Actor_10/03-01-06-01-01-01-10.wav
03-01-06-01-01-02-10.wav,06,fearful,10,Audios/audio_speech_actors_01-24/Actor_10/03-01-06-01-01-02-10.wav
03-01-06-01-02-01-10.wav,06,fearful,10,Audios/audio_speech_actors_01-24/Actor_10/03-01-06-01-02-01-10.wav
03-01-06-01-02-02-10.wav,06,fearful,10,Audios/audio_speech_actors_01-24/Actor_10/03-01-06-01-02-02-10.wav
03-01-06-02-01-01-10.wav,06,fearful,10,Audios/audio_speech_actors_01-24/Actor_10/03-01-06-02-01-01-10.wav
03-01-06-02-01-02-10.wav,06,fearful,10,Audios/audio_speech_actors_01-24/Actor_10/03-01-06-02-01-02-10.wav
03-01-06-02-02-01-10.wav,06,fearful,10,Audios/audio_speech_actors_01-24/Actor_10/03-01-06-02-02-01-10.wav
03-01-06-02-02-02-10.wav,06,fearful,10,Audios/audio_speech_actors_01-24/Actor_10/03-01-06-02-02-02-10.wav
03-01-07-01-01-01-10.wav,07,disgust,10,Audios/audio_speech_actors_01-24/Actor_10/03-01-07-01-01-01-10.wav
03-01-07-01-01-02-10.wav,07,disgust,10,Audios/audio_speech_actors_01-24/Actor_10/03-01-07-01-01-02-10.wav
03-01-07-01-02-01-10.wav,07,disgust,10,Audios/audio_speech_actors_01-24/Actor_10/03-01-07-01-02-01-10.wav
03-01-07-01-02-02-10.wav,07,disgust,10,Audios/audio_speech_actors_01-24/Actor_10/03-01-07-01-02-02-10.wav
03-01-07-02-01-01-10.wav,07,disgust,10,Audios/audio_speech_actors_01-24/Actor_10/03-01-07-02-01-01-10.wav
03-01-07-02-01-02-10.wav,07,disgust,10,Audios/audio_speech_actors_01-24/Actor_10/03-01-07-02-01-02-10.wav
03-01-07-02-02-01-10.wav,07,disgust,10,Audios/audio_speech_actors_01-24/Actor_10/03-01-07-02-02-01-10.wav
03-01-07-02-02-02-10.wav,07,disgust,10,Audios/audio_speech_actors_01-24/Actor_10/03-01-07-02-02-02-10.wav
03-01-08-01-01-01-10.wav,08,surprised,10,Audios/audio_speech_actors_01-24/Actor_10/03-01-08-01-01-01-10.wav
03-01-08-01-01-02-10.wav,08,surprised,10,Audios/audio_speech_actors_01-24/Actor_10/03-01-08-01-01-02-10.wav
03-01-08-01-02-01-10.wav,08,surprised,10,Audios/audio_speech_actors_01-24/Actor_10/03-01-08-01-02-01-10.wav
03-01-08-01-02-02-10.wav,08,surprised,10,Audios/audio_speech_actors_01-24/Actor_10/03-01-08-01-02-02-10.wav
03-01-08-02-01-01-10.wav,08,surprised,10,Audios/audio_speech_actors_01-24/Actor_10/03-01-08-02-01-01-10.wav
03-01-08-02-01-02-10.wav,08,surprised,10,Audios/audio_speech_actors_01-24/Actor_10/03-01-08-02-01-02-10.wav
03-01-08-02-02-01-10.wav,08,surprised,10,Audios/audio_speech_actors_01-24/Actor_10/03-01-08-02-02-01-10.wav
03-01-08-02-02-02-10.wav,08,surprised,10,Audios/audio_speech_actors_01-24/Actor_10/03-01-08-02-02-02-10.wav
03-01-01-01-01-01-11.wav,01,neutral,11,Audios/audio_speech_actors_01-24/Actor_11/03-01-01-01-01-01-11.wav
03-01-01-01-01-02-11.wav,01,neutral,11,Audios/audio_speech_actors_01-24/Actor_11/03-01-01-01-01-02-11.wav
03-01-01-01-02-01-11.wav,01,neutral,11,Audios/audio_speech_actors_01-24/Actor_11/03-01-01-01-02-01-11.wav
03-01-01-01-02-02-11.wav,01,neutral,11,Audios/audio_speech_actors_01-24/Actor_11/03-01-01-01-02-02-11.wav
03-01-02-01-01-01-11.wav,02,calm,11,Audios/audio_speech_actors_01-24/Actor_11/03-01-02-01-01-01-11.wav
03-01-02-01-01-02-11.wav,02,calm,11,Audios/audio_speech_actors_01-24/Actor_11/03-01-02-01-01-02-11.wav
03-01-02-01-02-01-11.wav,02,calm,11,Audios/audio_speech_actors_01-24/Actor_11/03-01-02-01-02-01-11.wav
03-01-02-01-02-02-11.wav,02,calm,11,Audios/audio_speech_actors_01-24/Actor_11/03-01-02-01-02-02-11.wav
03-01-02-02-01-01-11.wav,02,calm,11,Audios/audio_speech_actors_01-24/Actor_11/03-01-02-02-01-01-11.wav
03-01-02-02-01-02-11.wav,02,calm,11,Audios/audio_speech_actors_01-24/Actor_11/03-01-02-02-01-02-11.wav
03-01-02-02-02-01-11.wav,02,calm,11,Audios/audio_speech_actors_01-24/Actor_11/03-01-02-02-02-01-11.wav
03-01-02-02-02-02-11.wav,02,calm,11,Audios/audio_speech_actors_01-24/Actor_11/03-01-02-02-02-02-11.wav
03-01-03-01-01-01-11.wav,03,happy,11,Audios/audio_speech_actors_01-24/Actor_11/03-01-03-01-01-01-11.wav
03-01-03-01-01-02-11.wav,03,happy,11,Audios/audio_speech_actors_01-24/Actor_11/03-01-03-01-01-02-11.wav
03-01-03-01-02-01-11.wav,03,happy,11,Audios/audio_speech_actors_01-24/Actor_11/03-01-03-01-02-01-11.wav
03-01-03-01-02-02-11.wav,03,happy,11,Audios/audio_speech_actors_01-24/Actor_11/03-01-03-01-02-02-11.wav
03-01-03-02-01-01-11.wav,03,happy,11,Audios/audio_speech_actors_01-24/Actor_11/03-01-03-02-01-01-11.wav
03-01-03-02-01-02-11.wav,03,happy,11,Audios/audio_speech_actors_01-24/Actor_11/03-01-03-02-01-02-11.wav
03-01-03-02-02-01-11.wav,03,happy,11,Audios/audio_speech_actors_01-24/Actor_11/03-01-03-02-02-01-11.wav
03-01-03-02-02-02-11.wav,03,happy,11,Audios/audio_speech_actors_01-24/Actor_11/03-01-03-02-02-02-11.wav
03-01-04-01-01-01-11.wav,04,sad,11,Audios/audio_speech_actors_01-24/Actor_11/03-01-04-01-01-01-11.wav
03-01-04-01-01-02-11.wav,04,sad,11,Audios/audio_speech_actors_01-24/Actor_11/03-01-04-01-01-02-11.wav
03-01-04-01-02-01-11.wav,04,sad,11,Audios/audio_speech_actors_01-24/Actor_11/03-01-04-01-02-01-11.wav
03-01-04-01-02-02-11.wav,04,sad,11,Audios/audio_speech_actors_01-24/Actor_11/03-01-04-01-02-02-11.wav
03-01-04-02-01-01-11.wav,04,sad,11,Audios/audio_speech_actors_01-24/Actor_11/03-01-04-02-01-01-11.wav
03-01-04-02-01-02-11.wav,04,sad,11,Audios/audio_speech_actors_01-24/Actor_11/03-01-04-02-01-02-11.wav
03-01-04-02-02-01-11.wav,04,sad,11,Audios/audio_speech_actors_01-24/Actor_11/03-01-04-02-02-01-11.wav
03-01-04-02-02-02-11.wav,04,sad,11,Audios/audio_speech_actors_01-24/Actor_11/03-01-04-02-02-02-11.wav
03-01-05-01-01-01-11.wav,05,angry,11,Audios/audio_speech_actors_01-24/Actor_11/03-01-05-01-01-01-11.wav
03-01-05-01-01-02-11.wav,05,angry,11,Audios/audio_speech_actors_01-24/Actor_11/03-01-05-01-01-02-11.wav
03-01-05-01-02-01-11.wav,05,angry,11,Audios/audio_speech_actors_01-24/Actor_11/03-01-05-01-02-01-11.wav
03-01-05-01-02-02-11.wav,05,angry,11,Audios/audio_speech_actors_01-24/Actor_11/03-01-05-01-02-02-11.wav
03-01-05-02-01-01-11.wav,05,angry,11,Audios/audio_speech_actors_01-24/Actor_11/03-01-05-02-01-01-11.wav
03-01-05-02-01-02-11.wav,05,angry,11,Audios/audio_speech_actors_01-24/Actor_11/03-01-05-02-01-02-11.wav
03-01-05-02-02-01-11.wav,05,angry,11,Audios/audio_speech_actors_01-24/Actor_11/03-01-05-02-02-01-11.wav
03-01-05-02-02-02-11.wav,05,angry,11,Audios/audio_speech_actors_01-24/Actor_11/03-01-05-02-02-02-11.wav
03-01-06-01-01-01-11.wav,06,fearful,11,Audios/audio_speech_actors_01-24/Actor_11/03-01-06-01-01-01-11.wav
03-01-06-01-01-02-11.wav,06,fearful,11,Audios/audio_speech_actors_01-24/Actor_11/03-01-06-01-01-02-11.wav
03-01-06-01-02-01-11.wav,06,fearful,11,Audios/audio_speech_actors_01-24/Actor_11/03-01-06-01-02-01-11.wav
03-01-06-01-02-02-11.wav,06,fearful,11,Audios/audio_speech_actors_01-24/Actor_11/03-01-06-01-02-02-11.wav
03-01-06-02-01-01-11.wav,06,fearful,11,Audios/audio_speech_actors_01-24/Actor_11/03-01-06-02-01-01-11.wav
03-01-06-02-01-02-11.wav,06,fearful,11,Audios/audio_speech_actors_01-24/Actor_11/03-01-06-02-01-02-11.wav
03-01-06-02-02-01-11.wav,06,fearful,11,Audios/audio_speech_actors_01-24/Actor_11/03-01-06-02-02-01-11.wav
03-01-06-02-02-02-11.wav,06,fearful,11,Audios/audio_speech_actors_01-24/Actor_11/03-01-06-02-02-02-11.wav
03-01-07-01-01-01-11.wav,07,disgust,11,Audios/audio_speech_actors_01-24/Actor_11/03-01-07-01-01-01-11.wav
03-01-07-01-01-02-11.wav,07,disgust,11,Audios/audio_speech_actors_01-24/Actor_11/03-01-07-01-01-02-11.wav
03-01-07-01-02-01-11.wav,07,disgust,11,Audios/audio_speech_actors_01-24/Actor_11/03-01-07-01-02-01-11.wav
03-01-07-01-02-02-11.wav,07,disgust,11,Audios/audio_speech_actors_01-24/Actor_11/03-01-07-01-02-02-11.wav
03-01-07-02-01-01-11.wav,07,disgust,11,Audios/audio_speech_actors_01-24/Actor_11/03-01-07-02-01-01-11.wav
03-01-07-02-01-02-11.wav,07,disgust,11,Audios/audio_speech_actors_01-24/Actor_11/03-01-07-02-01-02-11.wav
03-01-07-02-02-01-11.wav,07,disgust,11,Audios/audio_speech_actors_01-24/Actor_11/03-01-07-02-02-01-11.wav
03-01-07-02-02-02-11.wav,07,disgust,11,Audios/audio_speech_actors_01-24/Actor_11/03-01-07-02-02-02-11.wav
03-01-08-01-01-01-11.wav,08,surprised,11,Audios/audio_speech_actors_01-24/Actor_11/03-01-08-01-01-01-11.wav
03-01-08-01-01-02-11.wav,08,surprised,11,Audios/audio_speech_actors_01-24/Actor_11/03-01-08-01-01-02-11.wav
03-01-08-01-02-01-11.wav,08,surprised,11,Audios/audio_speech_actors_01-24/Actor_11/03-01-08-01-02-01-11.wav
03-01-08-01-02-02-11.wav,08,surprised,11,Audios/audio_speech_actors_01-24/Actor_11/03-01-08-01-02-02-11.wav
03-01-08-02-01-01-11.wav,08,surprised,11,Audios/audio_speech_actors_01-24/Actor_11/03-01-08-02-01-01-11.wav
03-01-08-02-01-02-11.wav,08,surprised,11,Audios/audio_speech_actors_01-24/Actor_11/03-01-08-02-01-02-11.wav
03-01-08-02-02-01-11.wav,08,surprised,11,Audios/audio_speech_actors_01-24/Actor_11/03-01-08-02-02-01-11.wav
03-01-08-02-02-02-11.wav,08,surprised,11,Audios/audio_speech_actors_01-24/Actor_11/03-01-08-02-02-02-11.wav
03-01-01-01-01-01-12.wav,01,neutral,12,Audios/audio_speech_actors_01-24/Actor_12/03-01-01-01-01-01-12.wav
03-01-01-01-01-02-12.wav,01,neutral,12,Audios/audio_speech_actors_01-24/Actor_12/03-01-01-01-01-02-12.wav
03-01-01-01-02-01-12.wav,01,neutral,12,Audios/audio_speech_actors_01-24/Actor_12/03-01-01-01-02-01-12.wav
03-01-01-01-02-02-12.wav,01,neutral,12,Audios/audio_speech_actors_01-24/Actor_12/03-01-01-01-02-02-12.wav
03-01-02-01-01-01-12.wav,02,calm,12,Audios/audio_speech_actors_01-24/Actor_12/03-01-02-01-01-01-12.wav
03-01-02-01-01-02-12.wav,02,calm,12,Audios/audio_speech_actors_01-24/Actor_12/03-01-02-01-01-02-12.wav
03-01-02-01-02-01-12.wav,02,calm,12,Audios/audio_speech_actors_01-24/Actor_12/03-01-02-01-02-01-12.wav
03-01-02-01-02-02-12.wav,02,calm,12,Audios/audio_speech_actors_01-24/Actor_12/03-01-02-01-02-02-12.wav
03-01-02-02-01-01-12.wav,02,calm,12,Audios/audio_speech_actors_01-24/Actor_12/03-01-02-02-01-01-12.wav
03-01-02-02-01-02-12.wav,02,calm,12,Audios/audio_speech_actors_01-24/Actor_12/03-01-02-02-01-02-12.wav
03-01-02-02-02-01-12.wav,02,calm,12,Audios/audio_speech_actors_01-24/Actor_12/03-01-02-02-02-01-12.wav
03-01-02-02-02-02-12.wav,02,calm,12,Audios/audio_speech_actors_01-24/Actor_12/03-01-02-02-02-02-12.wav
03-01-03-01-01-01-12.wav,03,happy,12,Audios/audio_speech_actors_01-24/Actor_12/03-01-03-01-01-01-12.wav
03-01-03-01-01-02-12.wav,03,happy,12,Audios/audio_speech_actors_01-24/Actor_12/03-01-03-01-01-02-12.wav
03-01-03-01-02-01-12.wav,03,happy,12,Audios/audio_speech_actors_01-24/Actor_12/03-01-03-01-02-01-12.wav
03-01-03-01-02-02-12.wav,03,happy,12,Audios/audio_speech_actors_01-24/Actor_12/03-01-03-01-02-02-12.wav
03-01-03-02-01-01-12.wav,03,happy,12,Audios/audio_speech_actors_01-24/Actor_12/03-01-03-02-01-01-12.wav
03-01-03-02-01-02-12.wav,03,happy,12,Audios/audio_speech_actors_01-24/Actor_12/03-01-03-02-01-02-12.wav
03-01-03-02-02-01-12.wav,03,happy,12,Audios/audio_speech_actors_01-24/Actor_12/03-01-03-02-02-01-12.wav
03-01-03-02-02-02-12.wav,03,happy,12,Audios/audio_speech_actors_01-24/Actor_12/03-01-03-02-02-02-12.wav
03-01-04-01-01-01-12.wav,04,sad,12,Audios/audio_speech_actors_01-24/Actor_12/03-01-04-01-01-01-12.wav
03-01-04-01-01-02-12.wav,04,sad,12,Audios/audio_speech_actors_01-24/Actor_12/03-01-04-01-01-02-12.wav
03-01-04-01-02-01-12.wav,04,sad,12,Audios/audio_speech_actors_01-24/Actor_12/03-01-04-01-02-01-12.wav
03-01-04-01-02-02-12.wav,04,sad,12,Audios/audio_speech_actors_01-24/Actor_12/03-01-04-01-02-02-12.wav
03-01-04-02-01-01-12.wav,04,sad,12,Audios/audio_speech_actors_01-24/Actor_12/03-01-04-02-01-01-12.wav
03-01-04-02-01-02-12.wav,04,sad,12,Audios/audio_speech_actors_01-24/Actor_12/03-01-04-02-01-02-12.wav
03-01-04-02-02-01-12.wav,04,sad,12,Audios/audio_speech_actors_01-24/Actor_12/03-01-04-02-02-01-12.wav
03-01-04-02-02-02-12.wav,04,sad,12,Audios/audio_speech_actors_01-24/Actor_12/03-01-04-02-02-02-12.wav
03-01-05-01-01-01-12.wav,05,angry,12,Audios/audio_speech_actors_01-24/Actor_12/03-01-05-01-01-01-12.wav
03-01-05-01-01-02-12.wav,05,angry,12,Audios/audio_speech_actors_01-24/Actor_12/03-01-05-01-01-02-12.wav
03-01-05-01-02-01-12.wav,05,angry,12,Audios/audio_speech_actors_01-24/Actor_12/03-01-05-01-02-01-12.wav
03-01-05-01-02-02-12.wav,05,angry,12,Audios/audio_speech_actors_01-24/Actor_12/03-01-05-01-02-02-12.wav
03-01-05-02-01-01-12.wav,05,angry,12,Audios/audio_speech_actors_01-24/Actor_12/03-01-05-02-01-01-12.wav
03-01-05-02-01-02-12.wav,05,angry,12,Audios/audio_speech_actors_01-24/Actor_12/03-01-05-02-01-02-12.wav
03-01-05-02-02-01-12.wav,05,angry,12,Audios/audio_speech_actors_01-24/Actor_12/03-01-05-02-02-01-12.wav
03-01-05-02-02-02-12.wav,05,angry,12,Audios/audio_speech_actors_01-24/Actor_12/03-01-05-02-02-02-12.wav
03-01-06-01-01-01-12.wav,06,fearful,12,Audios/audio_speech_actors_01-24/Actor_12/03-01-06-01-01-01-12.wav
03-01-06-01-01-02-12.wav,06,fearful,12,Audios/audio_speech_actors_01-24/Actor_12/03-01-06-01-01-02-12.wav
03-01-06-01-02-01-12.wav,06,fearful,12,Audios/audio_speech_actors_01-24/Actor_12/03-01-06-01-02-01-12.wav
03-01-06-01-02-02-12.wav,06,fearful,12,Audios/audio_speech_actors_01-24/Actor_12/03-01-06-01-02-02-12.wav
03-01-06-02-01-01-12.wav,06,fearful,12,Audios/audio_speech_actors_01-24/Actor_12/03-01-06-02-01-01-12.wav
03-01-06-02-01-02-12.wav,06,fearful,12,Audios/audio_speech_actors_01-24/Actor_12/03-01-06-02-01-02-12.wav
03-01-06-02-02-01-12.wav,06,fearful,12,Audios/audio_speech_actors_01-24/Actor_12/03-01-06-02-02-01-12.wav
03-01-06-02-02-02-12.wav,06,fearful,12,Audios/audio_speech_actors_01-24/Actor_12/03-01-06-02-02-02-12.wav
03-01-07-01-01-01-12.wav,07,disgust,12,Audios/audio_speech_actors_01-24/Actor_12/03-01-07-01-01-01-12.wav
03-01-07-01-01-02-12.wav,07,disgust,12,Audios/audio_speech_actors_01-24/Actor_12/03-01-07-01-01-02-12.wav
03-01-07-01-02-01-12.wav,07,disgust,12,Audios/audio_speech_actors_01-24/Actor_12/03-01-07-01-02-01-12.wav
03-01-07-01-02-02-12.wav,07,disgust,12,Audios/audio_speech_actors_01-24/Actor_12/03-01-07-01-02-02-12.wav
03-01-07-02-01-01-12.wav,07,disgust,12,Audios/audio_speech_actors_01-24/Actor_12/03-01-07-02-01-01-12.wav
03-01-07-02-01-02-12.wav,07,disgust,12,Audios/audio_speech_actors_01-24/Actor_12/03-01-07-02-01-02-12.wav
03-01-07-02-02-01-12.wav,07,disgust,12,Audios/audio_speech_actors_01-24/Actor_12/03-01-07-02-02-01-12.wav
03-01-07-02-02-02-12.wav,07,disgust,12,Audios/audio_speech_actors_01-24/Actor_12/03-01-07-02-02-02-12.wav
03-01-08-01-01-01-12.wav,08,surprised,12,Audios/audio_speech_actors_01-24/Actor_12/03-01-08-01-01-01-12.wav
03-01-08-01-01-02-12.wav,08,surprised,12,Audios/audio_speech_actors_01-24/Actor_12/03-01-08-01-01-02-12.wav
03-01-08-01-02-01-12.wav,08,surprised,12,Audios/audio_speech_actors_01-24/Actor_12/03-01-08-01-02-01-12.wav
03-01-08-01-02-02-12.wav,08,surprised,12,Audios/audio_speech_actors_01-24/Actor_12/03-01-08-01-02-02-12.wav
03-01-08-02-01-01-12.wav,08,surprised,12,Audios/audio_speech_actors_01-24/Actor_12/03-01-08-02-01-01-12.wav
03-01-08-02-01-02-12.wav,08,surprised,12,Audios/audio_speech_actors_01-24/Actor_12/03-01-08-02-01-02-12.wav
03-01-08-02-02-01-12.wav,08,surprised,12,Audios/audio_speech_actors_01-24/Actor_12/03-01-08-02-02-01-12.wav
03-01-08-02-02-02-12.wav,08,surprised,12,Audios/audio_speech_actors_01-24/Actor_12/03-01-08-02-02-02-12.wav
03-01-01-01-01-01-13.wav,01,neutral,13,Audios/audio_speech_actors_01-24/Actor_13/03-01-01-01-01-01-13.wav
03-01-01-01-01-02-13.wav,01,neutral,13,Audios/audio_speech_actors_01-24/Actor_13/03-01-01-01-01-02-13.wav
03-01-01-01-02-01-13.wav,01,neutral,13,Audios/audio_speech_actors_01-24/Actor_13/03-01-01-01-02-01-13.wav
03-01-01-01-02-02-13.wav,01,neutral,13,Audios/audio_speech_actors_01-24/Actor_13/03-01-01-01-02-02-13.wav
03-01-02-01-01-01-13.wav,02,calm,13,Audios/audio_speech_actors_01-24/Actor_13/03-01-02-01-01-01-13.wav
03-01-02-01-01-02-13.wav,02,calm,13,Audios/audio_speech_actors_01-24/Actor_13/03-01-02-01-01-02-13.wav
03-01-02-01-02-01-13.wav,02,calm,13,Audios/audio_speech_actors_01-24/Actor_13/03-01-02-01-02-01-13.wav
03-01-02-01-02-02-13.wav,02,calm,13,Audios/audio_speech_actors_01-24/Actor_13/03-01-02-01-02-02-13.wav
03-01-02-02-01-01-13.wav,02,calm,13,Audios/audio_speech_actors_01-24/Actor_13/03-01-02-02-01-01-13.wav
03-01-02-02-01-02-13.wav,02,calm,13,Audios/audio_speech_actors_01-24/Actor_13/03-01-02-02-01-02-13.wav
03-01-02-02-02-01-13.wav,02,calm,13,Audios/audio_speech_actors_01-24/Actor_13/03-01-02-02-02-01-13.wav
03-01-02-02-02-02-13.wav,02,calm,13,Audios/audio_speech_actors_01-24/Actor_13/03-01-02-02-02-02-13.wav
03-01-03-01-01-01-13.wav,03,happy,13,Audios/audio_speech_actors_01-24/Actor_13/03-01-03-01-01-01-13.wav
03-01-03-01-01-02-13.wav,03,happy,13,Audios/audio_speech_actors_01-24/Actor_13/03-01-03-01-01-02-13.wav
03-01-03-01-02-01-13.wav,03,happy,13,Audios/audio_speech_actors_01-24/Actor_13/03-01-03-01-02-01-13.wav
03-01-03-01-02-02-13.wav,03,happy,13,Audios/audio_speech_actors_01-24/Actor_13/03-01-03-01-02-02-13.wav
03-01-03-02-01-01-13.wav,03,happy,13,Audios/audio_speech_actors_01-24/Actor_13/03-01-03-02-01-01-13.wav
03-01-03-02-01-02-13.wav,03,happy,13,Audios/audio_speech_actors_01-24/Actor_13/03-01-03-02-01-02-13.wav
03-01-03-02-02-01-13.wav,03,happy,13,Audios/audio_speech_actors_01-24/Actor_13/03-01-03-02-02-01-13.wav
03-01-03-02-02-02-13.wav,03,happy,13,Audios/audio_speech_actors_01-24/Actor_13/03-01-03-02-02-02-13.wav
03-01-04-01-01-01-13.wav,04,sad,13,Audios/audio_speech_actors_01-24/Actor_13/03-01-04-01-01-01-13.wav
03-01-04-01-01-02-13.wav,04,sad,13,Audios/audio_speech_actors_01-24/Actor_13/03-01-04-01-01-02-13.wav
03-01-04-01-02-01-13.wav,04,sad,13,Audios/audio_speech_actors_01-24/Actor_13/03-01-04-01-02-01-13.wav
03-01-04-01-02-02-13.wav,04,sad,13,Audios/audio_speech_actors_01-24/Actor_13/03-01-04-01-02-02-13.wav
03-01-04-02-01-01-13.wav,04,sad,13,Audios/audio_speech_actors_01-24/Actor_13/03-01-04-02-01-01-13.wav
03-01-04-02-01-02-13.wav,04,sad,13,Audios/audio_speech_actors_01-24/Actor_13/03-01-04-02-01-02-13.wav
03-01-04-02-02-01-13.wav,04,sad,13,Audios/audio_speech_actors_01-24/Actor_13/03-01-04-02-02-01-13.wav
03-01-04-02-02-02-13.wav,04,sad,13,Audios/audio_speech_actors_01-24/Actor_13/03-01-04-02-02-02-13.wav
03-01-05-01-01-01-13.wav,05,angry,13,Audios/audio_speech_actors_01-24/Actor_13/03-01-05-01-01-01-13.wav
03-01-05-01-01-02-13.wav,05,angry,13,Audios/audio_speech_actors_01-24/Actor_13/03-01-05-01-01-02-13.wav
03-01-05-01-02-01-13.wav,05,angry,13,Audios/audio_speech_actors_01-24/Actor_13/03-01-05-01-02-01-13.wav
03-01-05-01-02-02-13.wav,05,angry,13,Audios/audio_speech_actors_01-24/Actor_13/03-01-05-01-02-02-13.wav
03-01-05-02-01-01-13.wav,05,angry,13,Audios/audio_speech_actors_01-24/Actor_13/03-01-05-02-01-01-13.wav
03-01-05-02-01-02-13.wav,05,angry,13,Audios/audio_speech_actors_01-24/Actor_13/03-01-05-02-01-02-13.wav
03-01-05-02-02-01-13.wav,05,angry,13,Audios/audio_speech_actors_01-24/Actor_13/03-01-05-02-02-01-13.wav
03-01-05-02-02-02-13.wav,05,angry,13,Audios/audio_speech_actors_01-24/Actor_13/03-01-05-02-02-02-13.wav
03-01-06-01-01-01-13.wav,06,fearful,13,Audios/audio_speech_actors_01-24/Actor_13/03-01-06-01-01-01-13.wav
03-01-06-01-01-02-13.wav,06,fearful,13,Audios/audio_speech_actors_01-24/Actor_13/03-01-06-01-01-02-13.wav
03-01-06-01-02-01-13.wav,06,fearful,13,Audios/audio_speech_actors_01-24/Actor_13/03-01-06-01-02-01-13.wav
03-01-06-01-02-02-13.wav,06,fearful,13,Audios/audio_speech_actors_01-24/Actor_13/03-01-06-01-02-02-13.wav
03-01-06-02-01-01-13.wav,06,fearful,13,Audios/audio_speech_actors_01-24/Actor_13/03-01-06-02-01-01-13.wav
03-01-06-02-01-02-13.wav,06,fearful,13,Audios/audio_speech_actors_01-24/Actor_13/03-01-06-02-01-02-13.wav
03-01-06-02-02-01-13.wav,06,fearful,13,Audios/audio_speech_actors_01-24/Actor_13/03-01-06-02-02-01-13.wav
03-01-06-02-02-02-13.wav,06,fearful,13,Audios/audio_speech_actors_01-24/Actor_13/03-01-06-02-02-02-13.wav
03-01-07-01-01-01-13.wav,07,disgust,13,Audios/audio_speech_actors_01-24/Actor_13/03-01-07-01-01-01-13.wav
03-01-07-01-01-02-13.wav,07,disgust,13,Audios/audio_speech_actors_01-24/Actor_13/03-01-07-01-01-02-13.wav
03-01-07-01-02-01-13.wav,07,disgust,13,Audios/audio_speech_actors_01-24/Actor_13/03-01-07-01-02-01-13.wav
03-01-07-01-02-02-13.wav,07,disgust,13,Audios/audio_speech_actors_01-24/Actor_13/03-01-07-01-02-02-13.wav
03-01-07-02-01-01-13.wav,07,disgust,13,Audios/audio_speech_actors_01-24/Actor_13/03-01-07-02-01-01-13.wav
03-01-07-02-01-02-13.wav,07,disgust,13,Audios/audio_speech_actors_01-24/Actor_13/03-01-07-02-01-02-13.wav
03-01-07-02-02-01-13.wav,07,disgust,13,Audios/audio_speech_actors_01-24/Actor_13/03-01-07-02-02-01-13.wav
03-01-07-02-02-02-13.wav,07,disgust,13,Audios/audio_speech_actors_01-24/Actor_13/03-01-07-02-02-02-13.wav
03-01-08-01-01-01-13.wav,08,surprised,13,Audios/audio_speech_actors_01-24/Actor_13/03-01-08-01-01-01-13.wav
03-01-08-01-01-02-13.wav,08,surprised,13,Audios/audio_speech_actors_01-24/Actor_13/03-01-08-01-01-02-13.wav
03-01-08-01-02-01-13.wav,08,surprised,13,Audios/audio_speech_actors_01-24/Actor_13/03-01-08-01-02-01-13.wav
03-01-08-01-02-02-13.wav,08,surprised,13,Audios/audio_speech_actors_01-24/Actor_13/03-01-08-01-02-02-13.wav
03-01-08-02-01-01-13.wav,08,surprised,13,Audios/audio_speech_actors_01-24/Actor_13/03-01-08-02-01-01-13.wav
03-01-08-02-01-02-13.wav,08,surprised,13,Audios/audio_speech_actors_01-24/Actor_13/03-01-08-02-01-02-13.wav
03-01-08-02-02-01-13.wav,08,surprised,13,Audios/audio_speech_actors_01-24/Actor_13/03-01-08-02-02-01-13.wav
03-01-08-02-02-02-13.wav,08,surprised,13,Audios/audio_speech_actors_01-24/Actor_13/03-01-08-02-02-02-13.wav
03-01-01-01-01-01-14.wav,01,neutral,14,Audios/audio_speech_actors_01-24/Actor_14/03-01-01-01-01-01-14.wav
03-01-01-01-01-02-14.wav,01,neutral,14,Audios/audio_speech_actors_01-24/Actor_14/03-01-01-01-01-02-14.wav
03-01-01-01-02-01-14.wav,01,neutral,14,Audios/audio_speech_actors_01-24/Actor_14/03-01-01-01-02-01-14.wav
03-01-01-01-02-02-14.wav,01,neutral,14,Audios/audio_speech_actors_01-24/Actor_14/03-01-01-01-02-02-14.wav
03-01-02-01-01-01-14.wav,02,calm,14,Audios/audio_speech_actors_01-24/Actor_14/03-01-02-01-01-01-14.wav
03-01-02-01-01-02-14.wav,02,calm,14,Audios/audio_speech_actors_01-24/Actor_14/03-01-02-01-01-02-14.wav
03-01-02-01-02-01-14.wav,02,calm,14,Audios/audio_speech_actors_01-24/Actor_14/03-01-02-01-02-01-14.wav
03-01-02-01-02-02-14.wav,02,calm,14,Audios/audio_speech_actors_01-24/Actor_14/03-01-02-01-02-02-14.wav
03-01-02-02-01-01-14.wav,02,calm,14,Audios/audio_speech_actors_01-24/Actor_14/03-01-02-02-01-01-14.wav
03-01-02-02-01-02-14.wav,02,calm,14,Audios/audio_speech_actors_01-24/Actor_14/03-01-02-02-01-02-14.wav
03-01-02-02-02-01-14.wav,02,calm,14,Audios/audio_speech_actors_01-24/Actor_14/03-01-02-02-02-01-14.wav
03-01-02-02-02-02-14.wav,02,calm,14,Audios/audio_speech_actors_01-24/Actor_14/03-01-02-02-02-02-14.wav
03-01-03-01-01-01-14.wav,03,happy,14,Audios/audio_speech_actors_01-24/Actor_14/03-01-03-01-01-01-14.wav
03-01-03-01-01-02-14.wav,03,happy,14,Audios/audio_speech_actors_01-24/Actor_14/03-01-03-01-01-02-14.wav
03-01-03-01-02-01-14.wav,03,happy,14,Audios/audio_speech_actors_01-24/Actor_14/03-01-03-01-02-01-14.wav
03-01-03-01-02-02-14.wav,03,happy,14,Audios/audio_speech_actors_01-24/Actor_14/03-01-03-01-02-02-14.wav
03-01-03-02-01-01-14.wav,03,happy,14,Audios/audio_speech_actors_01-24/Actor_14/03-01-03-02-01-01-14.wav
03-01-03-02-01-02-14.wav,03,happy,14,Audios/audio_speech_actors_01-24/Actor_14/03-01-03-02-01-02-14.wav
03-01-03-02-02-01-14.wav,03,happy,14,Audios/audio_speech_actors_01-24/Actor_14/03-01-03-02-02-01-14.wav
03-01-03-02-02-02-14.wav,03,happy,14,Audios/audio_speech_actors_01-24/Actor_14/03-01-03-02-02-02-14.wav
03-01-04-01-01-01-14.wav,04,sad,14,Audios/audio_speech_actors_01-24/Actor_14/03-01-04-01-01-01-14.wav
03-01-04-01-01-02-14.wav,04,sad,14,Audios/audio_speech_actors_01-24/Actor_14/03-01-04-01-01-02-14.wav
03-01-04-01-02-01-14.wav,04,sad,14,Audios/audio_speech_actors_01-24/Actor_14/03-01-04-01-02-01-14.wav
03-01-04-01-02-02-14.wav,04,sad,14,Audios/audio_speech_actors_01-24/Actor_14/03-01-04-01-02-02-14.wav
03-01-04-02-01-01-14.wav,04,sad,14,Audios/audio_speech_actors_01-24/Actor_14/03-01-04-02-01-01-14.wav
03-01-04-02-01-02-14.wav,04,sad,14,Audios/audio_speech_actors_01-24/Actor_14/03-01-04-02-01-02-14.wav
03-01-04-02-02-01-14.wav,04,sad,14,Audios/audio_speech_actors_01-24/Actor_14/03-01-04-02-02-01-14.wav
03-01-04-02-02-02-14.wav,04,sad,14,Audios/audio_speech_actors_01-24/Actor_14/03-01-04-02-02-02-14.wav
03-01-05-01-01-01-14.wav,05,angry,14,Audios/audio_speech_actors_01-24/Actor_14/03-01-05-01-01-01-14.wav
03-01-05-01-01-02-14.wav,05,angry,14,Audios/audio_speech_actors_01-24/Actor_14/03-01-05-01-01-02-14.wav
03-01-05-01-02-01-14.wav,05,angry,14,Audios/audio_speech_actors_01-24/Actor_14/03-01-05-01-02-01-14.wav
03-01-05-01-02-02-14.wav,05,angry,14,Audios/audio_speech_actors_01-24/Actor_14/03-01-05-01-02-02-14.wav
03-01-05-02-01-01-14.wav,05,angry,14,Audios/audio_speech_actors_01-24/Actor_14/03-01-05-02-01-01-14.wav
03-01-05-02-01-02-14.wav,05,angry,14,Audios/audio_speech_actors_01-24/Actor_14/03-01-05-02-01-02-14.wav
03-01-05-02-02-01-14.wav,05,angry,14,Audios/audio_speech_actors_01-24/Actor_14/03-01-05-02-02-01-14.wav
03-01-05-02-02-02-14.wav,05,angry,14,Audios/audio_speech_actors_01-24/Actor_14/03-01-05-02-02-02-14.wav
03-01-06-01-01-01-14.wav,06,fearful,14,Audios/audio_speech_actors_01-24/Actor_14/03-01-06-01-01-01-14.wav
03-01-06-01-01-02-14.wav,06,fearful,14,Audios/audio_speech_actors_01-24/Actor_14/03-01-06-01-01-02-14.wav
03-01-06-01-02-01-14.wav,06,fearful,14,Audios/audio_speech_actors_01-24/Actor_14/03-01-06-01-02-01-14.wav
03-01-06-01-02-02-14.wav,06,fearful,14,Audios/audio_speech_actors_01-24/Actor_14/03-01-06-01-02-02-14.wav
03-01-06-02-01-01-14.wav,06,fearful,14,Audios/audio_speech_actors_01-24/Actor_14/03-01-06-02-01-01-14.wav
03-01-06-02-01-02-14.wav,06,fearful,14,Audios/audio_speech_actors_01-24/Actor_14/03-01-06-02-01-02-14.wav
03-01-06-02-02-01-14.wav,06,fearful,14,Audios/audio_speech_actors_01-24/Actor_14/03-01-06-02-02-01-14.wav
03-01-06-02-02-02-14.wav,06,fearful,14,Audios/audio_speech_actors_01-24/Actor_14/03-01-06-02-02-02-14.wav
03-01-07-01-01-01-14.wav,07,disgust,14,Audios/audio_speech_actors_01-24/Actor_14/03-01-07-01-01-01-14.wav
03-01-07-01-01-02-14.wav,07,disgust,14,Audios/audio_speech_actors_01-24/Actor_14/03-01-07-01-01-02-14.wav
03-01-07-01-02-01-14.wav,07,disgust,14,Audios/audio_speech_actors_01-24/Actor_14/03-01-07-01-02-01-14.wav
03-01-07-01-02-02-14.wav,07,disgust,14,Audios/audio_speech_actors_01-24/Actor_14/03-01-07-01-02-02-14.wav
03-01-07-02-01-01-14.wav,07,disgust,14,Audios/audio_speech_actors_01-24/Actor_14/03-01-07-02-01-01-14.wav
03-01-07-02-01-02-14.wav,07,disgust,14,Audios/audio_speech_actors_01-24/Actor_14/03-01-07-02-01-02-14.wav
03-01-07-02-02-01-14.wav,07,disgust,14,Audios/audio_speech_actors_01-24/Actor_14/03-01-07-02-02-01-14.wav
03-01-07-02-02-02-14.wav,07,disgust,14,Audios/audio_speech_actors_01-24/Actor_14/03-01-07-02-02-02-14.wav
03-01-08-01-01-01-14.wav,08,surprised,14,Audios/audio_speech_actors_01-24/Actor_14/03-01-08-01-01-01-14.wav
03-01-08-01-01-02-14.wav,08,surprised,14,Audios/audio_speech_actors_01-24/Actor_14/03-01-08-01-01-02-14.wav
03-01-08-01-02-01-14.wav,08,surprised,14,Audios/audio_speech_actors_01-24/Actor_14/03-01-08-01-02-01-14.wav
03-01-08-01-02-02-14.wav,08,surprised,14,Audios/audio_speech_actors_01-24/Actor_14/03-01-08-01-02-02-14.wav
03-01-08-02-01-01-14.wav,08,surprised,14,Audios/audio_speech_actors_01-24/Actor_14/03-01-08-02-01-01-14.wav
03-01-08-02-01-02-14.wav,08,surprised,14,Audios/audio_speech_actors_01-24/Actor_14/03-01-08-02-01-02-14.wav
03-01-08-02-02-01-14.wav,08,surprised,14,Audios/audio_speech_actors_01-24/Actor_14/03-01-08-02-02-01-14.wav
03-01-08-02-02-02-14.wav,08,surprised,14,Audios/audio_speech_actors_01-24/Actor_14/03-01-08-02-02-02-14.wav
03-01-01-01-01-01-15.wav,01,neutral,15,Audios/audio_speech_actors_01-24/Actor_15/03-01-01-01-01-01-15.wav
03-01-01-01-01-02-15.wav,01,neutral,15,Audios/audio_speech_actors_01-24/Actor_15/03-01-01-01-01-02-15.wav
03-01-01-01-02-01-15.wav,01,neutral,15,Audios/audio_speech_actors_01-24/Actor_15/03-01-01-01-02-01-15.wav
03-01-01-01-02-02-15.wav,01,neutral,15,Audios/audio_speech_actors_01-24/Actor_15/03-01-01-01-02-02-15.wav
03-01-02-01-01-01-15.wav,02,calm,15,Audios/audio_speech_actors_01-24/Actor_15/03-01-02-01-01-01-15.wav
03-01-02-01-01-02-15.wav,02,calm,15,Audios/audio_speech_actors_01-24/Actor_15/03-01-02-01-01-02-15.wav
03-01-02-01-02-01-15.wav,02,calm,15,Audios/audio_speech_actors_01-24/Actor_15/03-01-02-01-02-01-15.wav
03-01-02-01-02-02-15.wav,02,calm,15,Audios/audio_speech_actors_01-24/Actor_15/03-01-02-01-02-02-15.wav
03-01-02-02-01-01-15.wav,02,calm,15,Audios/audio_speech_actors_01-24/Actor_15/03-01-02-02-01-01-15.wav
03-01-02-02-01-02-15.wav,02,calm,15,Audios/audio_speech_actors_01-24/Actor_15/03-01-02-02-01-02-15.wav
03-01-02-02-02-01-15.wav,02,calm,15,Audios/audio_speech_actors_01-24/Actor_15/03-01-02-02-02-01-15.wav
03-01-02-02-02-02-15.wav,02,calm,15,Audios/audio_speech_actors_01-24/Actor_15/03-01-02-02-02-02-15.wav
03-01-03-01-01-01-15.wav,03,happy,15,Audios/audio_speech_actors_01-24/Actor_15/03-01-03-01-01-01-15.wav
03-01-03-01-01-02-15.wav,03,happy,15,Audios/audio_speech_actors_01-24/Actor_15/03-01-03-01-01-02-15.wav
03-01-03-01-02-01-15.wav,03,happy,15,Audios/audio_speech_actors_01-24/Actor_15/03-01-03-01-02-01-15.wav
03-01-03-01-02-02-15.wav,03,happy,15,Audios/audio_speech_actors_01-24/Actor_15/03-01-03-01-02-02-15.wav
03-01-03-02-01-01-15.wav,03,happy,15,Audios/audio_speech_actors_01-24/Actor_15/03-01-03-02-01-01-15.wav
03-01-03-02-01-02-15.wav,03,happy,15,Audios/audio_speech_actors_01-24/Actor_15/03-01-03-02-01-02-15.wav
03-01-03-02-02-01-15.wav,03,happy,15,Audios/audio_speech_actors_01-24/Actor_15/03-01-03-02-02-01-15.wav
03-01-03-02-02-02-15.wav,03,happy,15,Audios/audio_speech_actors_01-24/Actor_15/03-01-03-02-02-02-15.wav
03-01-04-01-01-01-15.wav,04,sad,15,Audios/audio_speech_actors_01-24/Actor_15/03-01-04-01-01-01-15.wav
03-01-04-01-01-02-15.wav,04,sad,15,Audios/audio_speech_actors_01-24/Actor_15/03-01-04-01-01-02-15.wav
03-01-04-01-02-01-15.wav,04,sad,15,Audios/audio_speech_actors_01-24/Actor_15/03-01-04-01-02-01-15.wav
03-01-04-01-02-02-15.wav,04,sad,15,Audios/audio_speech_actors_01-24/Actor_15/03-01-04-01-02-02-15.wav
03-01-04-02-01-01-15.wav,04,sad,15,Audios/audio_speech_actors_01-24/Actor_15/03-01-04-02-01-01-15.wav
03-01-04-02-01-02-15.wav,04,sad,15,Audios/audio_speech_actors_01-24/Actor_15/03-01-04-02-01-02-15.wav
03-01-04-02-02-01-15.wav,04,sad,15,Audios/audio_speech_actors_01-24/Actor_15/03-01-04-02-02-01-15.wav
03-01-04-02-02-02-15.wav,04,sad,15,Audios/audio_speech_actors_01-24/Actor_15/03-01-04-02-02-02-15.wav
03-01-05-01-01-01-15.wav,05,angry,15,Audios/audio_speech_actors_01-24/Actor_15/03-01-05-01-01-01-15.wav
03-01-05-01-01-02-15.wav,05,angry,15,Audios/audio_speech_actors_01-24/Actor_15/03-01-05-01-01-02-15.wav
03-01-05-01-02-01-15.wav,05,angry,15,Audios/audio_speech_actors_01-24/Actor_15/03-01-05-01-02-01-15.wav
03-01-05-01-02-02-15.wav,05,angry,15,Audios/audio_speech_actors_01-24/Actor_15/03-01-05-01-02-02-15.wav
03-01-05-02-01-01-15.wav,05,angry,15,Audios/audio_speech_actors_01-24/Actor_15/03-01-05-02-01-01-15.wav
03-01-05-02-01-02-15.wav,05,angry,15,Audios/audio_speech_actors_01-24/Actor_15/03-01-05-02-01-02-15.wav
03-01-05-02-02-01-15.wav,05,angry,15,Audios/audio_speech_actors_01-24/Actor_15/03-01-05-02-02-01-15.wav
03-01-05-02-02-02-15.wav,05,angry,15,Audios/audio_speech_actors_01-24/Actor_15/03-01-05-02-02-02-15.wav
03-01-06-01-01-01-15.wav,06,fearful,15,Audios/audio_speech_actors_01-24/Actor_15/03-01-06-01-01-01-15.wav
03-01-06-01-01-02-15.wav,06,fearful,15,Audios/audio_speech_actors_01-24/Actor_15/03-01-06-01-01-02-15.wav
03-01-06-01-02-01-15.wav,06,fearful,15,Audios/audio_speech_actors_01-24/Actor_15/03-01-06-01-02-01-15.wav
03-01-06-01-02-02-15.wav,06,fearful,15,Audios/audio_speech_actors_01-24/Actor_15/03-01-06-01-02-02-15.wav
03-01-06-02-01-01-15.wav,06,fearful,15,Audios/audio_speech_actors_01-24/Actor_15/03-01-06-02-01-01-15.wav
03-01-06-02-01-02-15.wav,06,fearful,15,Audios/audio_speech_actors_01-24/Actor_15/03-01-06-02-01-02-15.wav
03-01-06-02-02-01-15.wav,06,fearful,15,Audios/audio_speech_actors_01-24/Actor_15/03-01-06-02-02-01-15.wav
03-01-06-02-02-02-15.wav,06,fearful,15,Audios/audio_speech_actors_01-24/Actor_15/03-01-06-02-02-02-15.wav
03-01-07-01-01-01-15.wav,07,disgust,15,Audios/audio_speech_actors_01-24/Actor_15/03-01-07-01-01-01-15.wav
03-01-07-01-01-02-15.wav,07,disgust,15,Audios/audio_speech_actors_01-24/Actor_15/03-01-07-01-01-02-15.wav
03-01-07-01-02-01-15.wav,07,disgust,15,Audios/audio_speech_actors_01-24/Actor_15/03-01-07-01-02-01-15.wav
03-01-07-01-02-02-15.wav,07,disgust,15,Audios/audio_speech_actors_01-24/Actor_15/03-01-07-01-02-02-15.wav
03-01-07-02-01-01-15.wav,07,disgust,15,Audios/audio_speech_actors_01-24/Actor_15/03-01-07-02-01-01-15.wav
03-01-07-02-01-02-15.wav,07,disgust,15,Audios/audio_speech_actors_01-24/Actor_15/03-01-07-02-01-02-15.wav
03-01-07-02-02-01-15.wav,07,disgust,15,Audios/audio_speech_actors_01-24/Actor_15/03-01-07-02-02-01-15.wav
03-01-07-02-02-02-15.wav,07,disgust,15,Audios/audio_speech_actors_01-24/Actor_15/03-01-07-02-02-02-15.wav
03-01-08-01-01-01-15.wav,08,surprised,15,Audios/audio_speech_actors_01-24/Actor_15/03-01-08-01-01-01-15.wav
03-01-08-01-01-02-15.wav,08,surprised,15,Audios/audio_speech_actors_01-24/Actor_15/03-01-08-01-01-02-15.wav
03-01-08-01-02-01-15.wav,08,surprised,15,Audios/audio_speech_actors_01-24/Actor_15/03-01-08-01-02-01-15.wav
03-01-08-01-02-02-15.wav,08,surprised,15,Audios/audio_speech_actors_01-24/Actor_15/03-01-08-01-02-02-15.wav
03-01-08-02-01-01-15.wav,08,surprised,15,Audios/audio_speech_actors_01-24/Actor_15/03-01-08-02-01-01-15.wav
03-01-08-02-01-02-15.wav,08,surprised,15,Audios/audio_speech_actors_01-24/Actor_15/03-01-08-02-01-02-15.wav
03-01-08-02-02-01-15.wav,08,surprised,15,Audios/audio_speech_actors_01-24/Actor_15/03-01-08-02-02-01-15.wav
03-01-08-02-02-02-15.wav,08,surprised,15,Audios/audio_speech_actors_01-24/Actor_15/03-01-08-02-02-02-15.wav
03-01-01-01-01-01-16.wav,01,neutral,16,Audios/audio_speech_actors_01-24/Actor_16/03-01-01-01-01-01-16.wav
03-01-01-01-01-02-16.wav,01,neutral,16,Audios/audio_speech_actors_01-24/Actor_16/03-01-01-01-01-02-16.wav
03-01-01-01-02-01-16.wav,01,neutral,16,Audios/audio_speech_actors_01-24/Actor_16/03-01-01-01-02-01-16.wav
03-01-01-01-02-02-16.wav,01,neutral,16,Audios/audio_speech_actors_01-24/Actor_16/03-01-01-01-02-02-16.wav
03-01-02-01-01-01-16.wav,02,calm,16,Audios/audio_speech_actors_01-24/Actor_16/03-01-02-01-01-01-16.wav
03-01-02-01-01-02-16.wav,02,calm,16,Audios/audio_speech_actors_01-24/Actor_16/03-01-02-01-01-02-16.wav
03-01-02-01-02-01-16.wav,02,calm,16,Audios/audio_speech_actors_01-24/Actor_16/03-01-02-01-02-01-16.wav
03-01-02-01-02-02-16.wav,02,calm,16,Audios/audio_speech_actors_01-24/Actor_16/03-01-02-01-02-02-16.wav
03-01-02-02-01-01-16.wav,02,calm,16,Audios/audio_speech_actors_01-24/Actor_16/03-01-02-02-01-01-16.wav
03-01-02-02-01-02-16.wav,02,calm,16,Audios/audio_speech_actors_01-24/Actor_16/03-01-02-02-01-02-16.wav
03-01-02-02-02-01-16.wav,02,calm,16,Audios/audio_speech_actors_01-24/Actor_16/03-01-02-02-02-01-16.wav
03-01-02-02-02-02-16.wav,02,calm,16,Audios/audio_speech_actors_01-24/Actor_16/03-01-02-02-02-02-16.wav
03-01-03-01-01-01-16.wav,03,happy,16,Audios/audio_speech_actors_01-24/Actor_16/03-01-03-01-01-01-16.wav
03-01-03-01-01-02-16.wav,03,happy,16,Audios/audio_speech_actors_01-24/Actor_16/03-01-03-01-01-02-16.wav
03-01-03-01-02-01-16.wav,03,happy,16,Audios/audio_speech_actors_01-24/Actor_16/03-01-03-01-02-01-16.wav
03-01-03-01-02-02-16.wav,03,happy,16,Audios/audio_speech_actors_01-24/Actor_16/03-01-03-01-02-02-16.wav
03-01-03-02-01-01-16.wav,03,happy,16,Audios/audio_speech_actors_01-24/Actor_16/03-01-03-02-01-01-16.wav
03-01-03-02-01-02-16.wav,03,happy,16,Audios/audio_speech_actors_01-24/Actor_16/03-01-03-02-01-02-16.wav
03-01-03-02-02-01-16.wav,03,happy,16,Audios/audio_speech_actors_01-24/Actor_16/03-01-03-02-02-01-16.wav
03-01-03-02-02-02-16.wav,03,happy,16,Audios/audio_speech_actors_01-24/Actor_16/03-01-03-02-02-02-16.wav
03-01-04-01-01-01-16.wav,04,sad,16,Audios/audio_speech_actors_01-24/Actor_16/03-01-04-01-01-01-16.wav
03-01-04-01-01-02-16.wav,04,sad,16,Audios/audio_speech_actors_01-24/Actor_16/03-01-04-01-01-02-16.wav
03-01-04-01-02-01-16.wav,04,sad,16,Audios/audio_speech_actors_01-24/Actor_16/03-01-04-01-02-01-16.wav
03-01-04-01-02-02-16.wav,04,sad,16,Audios/audio_speech_actors_01-24/Actor_16/03-01-04-01-02-02-16.wav
03-01-04-02-01-01-16.wav,04,sad,16,Audios/audio_speech_actors_01-24/Actor_16/03-01-04-02-01-01-16.wav
03-01-04-02-01-02-16.wav,04,sad,16,Audios/audio_speech_actors_01-24/Actor_16/03-01-04-02-01-02-16.wav
03-01-04-02-02-01-16.wav,04,sad,16,Audios/audio_speech_actors_01-24/Actor_16/03-01-04-02-02-01-16.wav
03-01-04-02-02-02-16.wav,04,sad,16,Audios/audio_speech_actors_01-24/Actor_16/03-01-04-02-02-02-16.wav
03-01-05-01-01-01-16.wav,05,angry,16,Audios/audio_speech_actors_01-24/Actor_16/03-01-05-01-01-01-16.wav
03-01-05-01-01-02-16.wav,05,angry,16,Audios/audio_speech_actors_01-24/Actor_16/03-01-05-01-01-02-16.wav
03-01-05-01-02-01-16.wav,05,angry,16,Audios/audio_speech_actors_01-24/Actor_16/03-01-05-01-02-01-16.wav
03-01-05-01-02-02-16.wav,05,angry,16,Audios/audio_speech_actors_01-24/Actor_16/03-01-05-01-02-02-16.wav
03-01-05-02-01-01-16.wav,05,angry,16,Audios/audio_speech_actors_01-24/Actor_16/03-01-05-02-01-01-16.wav
03-01-05-02-01-02-16.wav,05,angry,16,Audios/audio_speech_actors_01-24/Actor_16/03-01-05-02-01-02-16.wav
03-01-05-02-02-01-16.wav,05,angry,16,Audios/audio_speech_actors_01-24/Actor_16/03-01-05-02-02-01-16.wav
03-01-05-02-02-02-16.wav,05,angry,16,Audios/audio_speech_actors_01-24/Actor_16/03-01-05-02-02-02-16.wav
03-01-06-01-01-01-16.wav,06,fearful,16,Audios/audio_speech_actors_01-24/Actor_16/03-01-06-01-01-01-16.wav
03-01-06-01-01-02-16.wav,06,fearful,16,Audios/audio_speech_actors_01-24/Actor_16/03-01-06-01-01-02-16.wav
03-01-06-01-02-01-16.wav,06,fearful,16,Audios/audio_speech_actors_01-24/Actor_16/03-01-06-01-02-01-16.wav
03-01-06-01-02-02-16.wav,06,fearful,16,Audios/audio_speech_actors_01-24/Actor_16/03-01-06-01-02-02-16.wav
03-01-06-02-01-01-16.wav,06,fearful,16,Audios/audio_speech_actors_01-24/Actor_16/03-01-06-02-01-01-16.wav
03-01-06-02-01-02-16.wav,06,fearful,16,Audios/audio_speech_actors_01-24/Actor_16/03-01-06-02-01-02-16.wav
03-01-06-02-02-01-16.wav,06,fearful,16,Audios/audio_speech_actors_01-24/Actor_16/03-01-06-02-02-01-16.wav
03-01-06-02-02-02-16.wav,06,fearful,16,Audios/audio_speech_actors_01-24/Actor_16/03-01-06-02-02-02-16.wav
03-01-07-01-01-01-16.wav,07,disgust,16,Audios/audio_speech_actors_01-24/Actor_16/03-01-07-01-01-01-16.wav
03-01-07-01-01-02-16.wav,07,disgust,16,Audios/audio_speech_actors_01-24/Actor_16/03-01-07-01-01-02-16.wav
03-01-07-01-02-01-16.wav,07,disgust,16,Audios/audio_speech_actors_01-24/Actor_16/03-01-07-01-02-01-16.wav
03-01-07-01-02-02-16.wav,07,disgust,16,Audios/audio_speech_actors_01-24/Actor_16/03-01-07-01-02-02-16.wav
03-01-07-02-01-01-16.wav,07,disgust,16,Audios/audio_speech_actors_01-24/Actor_16/03-01-07-02-01-01-16.wav
03-01-07-02-01-02-16.wav,07,disgust,16,Audios/audio_speech_actors_01-24/Actor_16/03-01-07-02-01-02-16.wav
03-01-07-02-02-01-16.wav,07,disgust,16,Audios/audio_speech_actors_01-24/Actor_16/03-01-07-02-02-01-16.wav
03-01-07-02-02-02-16.wav,07,disgust,16,Audios/audio_speech_actors_01-24/Actor_16/03-01-07-02-02-02-16.wav
03-01-08-01-01-01-16.wav,08,surprised,16,Audios/audio_speech_actors_01-24/Actor_16/03-01-08-01-01-01-16.wav
03-01-08-01-01-02-16.wav,08,surprised,16,Audios/audio_speech_actors_01-24/Actor_16/03-01-08-01-01-02-16.wav
03-01-08-01-02-01-16.wav,08,surprised,16,Audios/audio_speech_actors_01-24/Actor_16/03-01-08-01-02-01-16.wav
03-01-08-01-02-02-16.wav,08,surprised,16,Audios/audio_speech_actors_01-24/Actor_16/03-01-08-01-02-02-16.wav
03-01-08-02-01-01-16.wav,08,surprised,16,Audios/audio_speech_actors_01-24/Actor_16/03-01-08-02-01-01-16.wav
03-01-08-02-01-02-16.wav,08,surprised,16,Audios/audio_speech_actors_01-24/Actor_16/03-01-08-02-01-02-16.wav
03-01-08-02-02-01-16.wav,08,surprised,16,Audios/audio_speech_actors_01-24/Actor_16/03-01-08-02-02-01-16.wav
03-01-08-02-02-02-16.wav,08,surprised,16,Audios/audio_speech_actors_01-24/Actor_16/03-01-08-02-02-02-16.wav
03-01-01-01-01-01-17.wav,01,neutral,17,Audios/audio_speech_actors_01-24/Actor_17/03-01-01-01-01-01-17.wav
03-01-01-01-01-02-17.wav,01,neutral,17,Audios/audio_speech_actors_01-24/Actor_17/03-01-01-01-01-02-17.wav
03-01-01-01-02-01-17.wav,01,neutral,17,Audios/audio_speech_actors_01-24/Actor_17/03-01-01-01-02-01-17.wav
03-01-01-01-02-02-17.wav,01,neutral,17,Audios/audio_speech_actors_01-24/Actor_17/03-01-01-01-02-02-17.wav
03-01-02-01-01-01-17.wav,02,calm,17,Audios/audio_speech_actors_01-24/Actor_17/03-01-02-01-01-01-17.wav
03-01-02-01-01-02-17.wav,02,calm,17,Audios/audio_speech_actors_01-24/Actor_17/03-01-02-01-01-02-17.wav
03-01-02-01-02-01-17.wav,02,calm,17,Audios/audio_speech_actors_01-24/Actor_17/03-01-02-01-02-01-17.wav
03-01-02-01-02-02-17.wav,02,calm,17,Audios/audio_speech_actors_01-24/Actor_17/03-01-02-01-02-02-17.wav
03-01-02-02-01-01-17.wav,02,calm,17,Audios/audio_speech_actors_01-24/Actor_17/03-01-02-02-01-01-17.wav
03-01-02-02-01-02-17.wav,02,calm,17,Audios/audio_speech_actors_01-24/Actor_17/03-01-02-02-01-02-17.wav
03-01-02-02-02-01-17.wav,02,calm,17,Audios/audio_speech_actors_01-24/Actor_17/03-01-02-02-02-01-17.wav
03-01-02-02-02-02-17.wav,02,calm,17,Audios/audio_speech_actors_01-24/Actor_17/03-01-02-02-02-02-17.wav
03-01-03-01-01-01-17.wav,03,happy,17,Audios/audio_speech_actors_01-24/Actor_17/03-01-03-01-01-01-17.wav
03-01-03-01-01-02-17.wav,03,happy,17,Audios/audio_speech_actors_01-24/Actor_17/03-01-03-01-01-02-17.wav
03-01-03-01-02-01-17.wav,03,happy,17,Audios/audio_speech_actors_01-24/Actor_17/03-01-03-01-02-01-17.wav
03-01-03-01-02-02-17.wav,03,happy,17,Audios/audio_speech_actors_01-24/Actor_17/03-01-03-01-02-02-17.wav
03-01-03-02-01-01-17.wav,03,happy,17,Audios/audio_speech_actors_01-24/Actor_17/03-01-03-02-01-01-17.wav
03-01-03-02-01-02-17.wav,03,happy,17,Audios/audio_speech_actors_01-24/Actor_17/03-01-03-02-01-02-17.wav
03-01-03-02-02-01-17.wav,03,happy,17,Audios/audio_speech_actors_01-24/Actor_17/03-01-03-02-02-01-17.wav
03-01-03-02-02-02-17.wav,03,happy,17,Audios/audio_speech_actors_01-24/Actor_17/03-01-03-02-02-02-17.wav
03-01-04-01-01-01-17.wav,04,sad,17,Audios/audio_speech_actors_01-24/Actor_17/03-01-04-01-01-01-17.wav
03-01-04-01-01-02-17.wav,04,sad,17,Audios/audio_speech_actors_01-24/Actor_17/03-01-04-01-01-02-17.wav
03-01-04-01-02-01-17.wav,04,sad,17,Audios/audio_speech_actors_01-24/Actor_17/03-01-04-01-02-01-17.wav
03-01-04-01-02-02-17.wav,04,sad,17,Audios/audio_speech_actors_01-24/Actor_17/03-01-04-01-02-02-17.wav
03-01-04-02-01-01-17.wav,04,sad,17,Audios/audio_speech_actors_01-24/Actor_17/03-01-04-02-01-01-17.wav
03-01-04-02-01-02-17.wav,04,sad,17,Audios/audio_speech_actors_01-24/Actor_17/03-01-04-02-01-02-17.wav
03-01-04-02-02-01-17.wav,04,sad,17,Audios/audio_speech_actors_01-24/Actor_17/03-01-04-02-02-01-17.wav
03-01-04-02-02-02-17.wav,04,sad,17,Audios/audio_speech_actors_01-24/Actor_17/03-01-04-02-02-02-17.wav
03-01-05-01-01-01-17.wav,05,angry,17,Audios/audio_speech_actors_01-24/Actor_17/03-01-05-01-01-01-17.wav
03-01-05-01-01-02-17.wav,05,angry,17,Audios/audio_speech_actors_01-24/Actor_17/03-01-05-01-01-02-17.wav
03-01-05-01-02-01-17.wav,05,angry,17,Audios/audio_speech_actors_01-24/Actor_17/03-01-05-01-02-01-17.wav
03-01-05-01-02-02-17.wav,05,angry,17,Audios/audio_speech_actors_01-24/Actor_17/03-01-05-01-02-02-17.wav
03-01-05-02-01-01-17.wav,05,angry,17,Audios/audio_speech_actors_01-24/Actor_17/03-01-05-02-01-01-17.wav
03-01-05-02-01-02-17.wav,05,angry,17,Audios/audio_speech_actors_01-24/Actor_17/03-01-05-02-01-02-17.wav
03-01-05-02-02-01-17.wav,05,angry,17,Audios/audio_speech_actors_01-24/Actor_17/03-01-05-02-02-01-17.wav
03-01-05-02-02-02-17.wav,05,angry,17,Audios/audio_speech_actors_01-24/Actor_17/03-01-05-02-02-02-17.wav
03-01-06-01-01-01-17.wav,06,fearful,17,Audios/audio_speech_actors_01-24/Actor_17/03-01-06-01-01-01-17.wav
03-01-06-01-01-02-17.wav,06,fearful,17,Audios/audio_speech_actors_01-24/Actor_17/03-01-06-01-01-02-17.wav
03-01-06-01-02-01-17.wav,06,fearful,17,Audios/audio_speech_actors_01-24/Actor_17/03-01-06-01-02-01-17.wav
03-01-06-01-02-02-17.wav,06,fearful,17,Audios/audio_speech_actors_01-24/Actor_17/03-01-06-01-02-02-17.wav
03-01-06-02-01-01-17.wav,06,fearful,17,Audios/audio_speech_actors_01-24/Actor_17/03-01-06-02-01-01-17.wav
03-01-06-02-01-02-17.wav,06,fearful,17,Audios/audio_speech_actors_01-24/Actor_17/03-01-06-02-01-02-17.wav
03-01-06-02-02-01-17.wav,06,fearful,17,Audios/audio_speech_actors_01-24/Actor_17/03-01-06-02-02-01-17.wav
03-01-06-02-02-02-17.wav,06,fearful,17,Audios/audio_speech_actors_01-24/Actor_17/03-01-06-02-02-02-17.wav
03-01-07-01-01-01-17.wav,07,disgust,17,Audios/audio_speech_actors_01-24/Actor_17/03-01-07-01-01-01-17.wav
03-01-07-01-01-02-17.wav,07,disgust,17,Audios/audio_speech_actors_01-24/Actor_17/03-01-07-01-01-02-17.wav
03-01-07-01-02-01-17.wav,07,disgust,17,Audios/audio_speech_actors_01-24/Actor_17/03-01-07-01-02-01-17.wav
03-01-07-01-02-02-17.wav,07,disgust,17,Audios/audio_speech_actors_01-24/Actor_17/03-01-07-01-02-02-17.wav
03-01-07-02-01-01-17.wav,07,disgust,17,Audios/audio_speech_actors_01-24/Actor_17/03-01-07-02-01-01-17.wav
03-01-07-02-01-02-17.wav,07,disgust,17,Audios/audio_speech_actors_01-24/Actor_17/03-01-07-02-01-02-17.wav
03-01-07-02-02-01-17.wav,07,disgust,17,Audios/audio_speech_actors_01-24/Actor_17/03-01-07-02-02-01-17.wav
03-01-07-02-02-02-17.wav,07,disgust,17,Audios/audio_speech_actors_01-24/Actor_17/03-01-07-02-02-02-17.wav
03-01-08-01-01-01-17.wav,08,surprised,17,Audios/audio_speech_actors_01-24/Actor_17/03-01-08-01-01-01-17.wav
03-01-08-01-01-02-17.wav,08,surprised,17,Audios/audio_speech_actors_01-24/Actor_17/03-01-08-01-01-02-17.wav
03-01-08-01-02-01-17.wav,08,surprised,17,Audios/audio_speech_actors_01-24/Actor_17/03-01-08-01-02-01-17.wav
03-01-08-01-02-02-17.wav,08,surprised,17,Audios/audio_speech_actors_01-24/Actor_17/03-01-08-01-02-02-17.wav
03-01-08-02-01-01-17.wav,08,surprised,17,Audios/audio_speech_actors_01-24/Actor_17/03-01-08-02-01-01-17.wav
03-01-08-02-01-02-17.wav,08,surprised,17,Audios/audio_speech_actors_01-24/Actor_17/03-01-08-02-01-02-17.wav
03-01-08-02-02-01-17.wav,08,surprised,17,Audios/audio_speech_actors_01-24/Actor_17/03-01-08-02-02-01-17.wav
03-01-08-02-02-02-17.wav,08,surprised,17,Audios/audio_speech_actors_01-24/Actor_17/03-01-08-02-02-02-17.wav
03-01-01-01-01-01-18.wav,01,neutral,18,Audios/audio_speech_actors_01-24/Actor_18/03-01-01-01-01-01-18.wav
03-01-01-01-01-02-18.wav,01,neutral,18,Audios/audio_speech_actors_01-24/Actor_18/03-01-01-01-01-02-18.wav
03-01-01-01-02-01-18.wav,01,neutral,18,Audios/audio_speech_actors_01-24/Actor_18/03-01-01-01-02-01-18.wav
03-01-01-01-02-02-18.wav,01,neutral,18,Audios/audio_speech_actors_01-24/Actor_18/03-01-01-01-02-02-18.wav
03-01-02-01-01-01-18.wav,02,calm,18,Audios/audio_speech_actors_01-24/Actor_18/03-01-02-01-01-01-18.wav
03-01-02-01-01-02-18.wav,02,calm,18,Audios/audio_speech_actors_01-24/Actor_18/03-01-02-01-01-02-18.wav
03-01-02-01-02-01-18.wav,02,calm,18,Audios/audio_speech_actors_01-24/Actor_18/03-01-02-01-02-01-18.wav
03-01-02-01-02-02-18.wav,02,calm,18,Audios/audio_speech_actors_01-24/Actor_18/03-01-02-01-02-02-18.wav
03-01-02-02-01-01-18.wav,02,calm,18,Audios/audio_speech_actors_01-24/Actor_18/03-01-02-02-01-01-18.wav
03-01-02-02-01-02-18.wav,02,calm,18,Audios/audio_speech_actors_01-24/Actor_18/03-01-02-02-01-02-18.wav
03-01-02-02-02-01-18.wav,02,calm,18,Audios/audio_speech_actors_01-24/Actor_18/03-01-02-02-02-01-18.wav
03-01-02-02-02-02-18.wav,02,calm,18,Audios/audio_speech_actors_01-24/Actor_18/03-01-02-02-02-02-18.wav
03-01-03-01-01-01-18.wav,03,happy,18,Audios/audio_speech_actors_01-24/Actor_18/03-01-03-01-01-01-18.wav
03-01-03-01-01-02-18.wav,03,happy,18,Audios/audio_speech_actors_01-24/Actor_18/03-01-03-01-01-02-18.wav
03-01-03-01-02-01-18.wav,03,happy,18,Audios/audio_speech_actors_01-24/Actor_18/03-01-03-01-02-01-18.wav
03-01-03-01-02-02-18.wav,03,happy,18,Audios/audio_speech_actors_01-24/Actor_18/03-01-03-01-02-02-18.wav
03-01-03-02-01-01-18.wav,03,happy,18,Audios/audio_speech_actors_01-24/Actor_18/03-01-03-02-01-01-18.wav
03-01-03-02-01-02-18.wav,03,happy,18,Audios/audio_speech_actors_01-24/Actor_18/03-01-03-02-01-02-18.wav
03-01-03-02-02-01-18.wav,03,happy,18,Audios/audio_speech_actors_01-24/Actor_18/03-01-03-02-02-01-18.wav
03-01-03-02-02-02-18.wav,03,happy,18,Audios/audio_speech_actors_01-24/Actor_18/03-01-03-02-02-02-18.wav
03-01-04-01-01-01-18.wav,04,sad,18,Audios/audio_speech_actors_01-24/Actor_18/03-01-04-01-01-01-18.wav
03-01-04-01-01-02-18.wav,04,sad,18,Audios/audio_speech_actors_01-24/Actor_18/03-01-04-01-01-02-18.wav
03-01-04-01-02-01-18.wav,04,sad,18,Audios/audio_speech_actors_01-24/Actor_18/03-01-04-01-02-01-18.wav
03-01-04-01-02-02-18.wav,04,sad,18,Audios/audio_speech_actors_01-24/Actor_18/03-01-04-01-02-02-18.wav
03-01-04-02-01-01-18.wav,04,sad,18,Audios/audio_speech_actors_01-24/Actor_18/03-01-04-02-01-01-18.wav
03-01-04-02-01-02-18.wav,04,sad,18,Audios/audio_speech_actors_01-24/Actor_18/03-01-04-02-01-02-18.wav
03-01-04-02-02-01-18.wav,04,sad,18,Audios/audio_speech_actors_01-24/Actor_18/03-01-04-02-02-01-18.wav
03-01-04-02-02-02-18.wav,04,sad,18,Audios/audio_speech_actors_01-24/Actor_18/03-01-04-02-02-02-18.wav
03-01-05-01-01-01-18.wav,05,angry,18,Audios/audio_speech_actors_01-24/Actor_18/03-01-05-01-01-01-18.wav
03-01-05-01-01-02-18.wav,05,angry,18,Audios/audio_speech_actors_01-24/Actor_18/03-01-05-01-01-02-18.wav
03-01-05-01-02-01-18.wav,05,angry,18,Audios/audio_speech_actors_01-24/Actor_18/03-01-05-01-02-01-18.wav
03-01-05-01-02-02-18.wav,05,angry,18,Audios/audio_speech_actors_01-24/Actor_18/03-01-05-01-02-02-18.wav
03-01-05-02-01-01-18.wav,05,angry,18,Audios/audio_speech_actors_01-24/Actor_18/03-01-05-02-01-01-18.wav
03-01-05-02-01-02-18.wav,05,angry,18,Audios/audio_speech_actors_01-24/Actor_18/03-01-05-02-01-02-18.wav
03-01-05-02-02-01-18.wav,05,angry,18,Audios/audio_speech_actors_01-24/Actor_18/03-01-05-02-02-01-18.wav
03-01-05-02-02-02-18.wav,05,angry,18,Audios/audio_speech_actors_01-24/Actor_18/03-01-05-02-02-02-18.wav
03-01-06-01-01-01-18.wav,06,fearful,18,Audios/audio_speech_actors_01-24/Actor_18/03-01-06-01-01-01-18.wav
03-01-06-01-01-02-18.wav,06,fearful,18,Audios/audio_speech_actors_01-24/Actor_18/03-01-06-01-01-02-18.wav
03-01-06-01-02-01-18.wav,06,fearful,18,Audios/audio_speech_actors_01-24/Actor_18/03-01-06-01-02-01-18.wav
03-01-06-01-02-02-18.wav,06,fearful,18,Audios/audio_speech_actors_01-24/Actor_18/03-01-06-01-02-02-18.wav
03-01-06-02-01-01-18.wav,06,fearful,18,Audios/audio_speech_actors_01-24/Actor_18/03-01-06-02-01-01-18.wav
03-01-06-02-01-02-18.wav,06,fearful,18,Audios/audio_speech_actors_01-24/Actor_18/03-01-06-02-01-02-18.wav
03-01-06-02-02-01-18.wav,06,fearful,18,Audios/audio_speech_actors_01-24/Actor_18/03-01-06-02-02-01-18.wav
03-01-06-02-02-02-18.wav,06,fearful,18,Audios/audio_speech_actors_01-24/Actor_18/03-01-06-02-02-02-18.wav
03-01-07-01-01-01-18.wav,07,disgust,18,Audios/audio_speech_actors_01-24/Actor_18/03-01-07-01-01-01-18.wav
03-01-07-01-01-02-18.wav,07,disgust,18,Audios/audio_speech_actors_01-24/Actor_18/03-01-07-01-01-02-18.wav
03-01-07-01-02-01-18.wav,07,disgust,18,Audios/audio_speech_actors_01-24/Actor_18/03-01-07-01-02-01-18.wav
03-01-07-01-02-02-18.wav,07,disgust,18,Audios/audio_speech_actors_01-24/Actor_18/03-01-07-01-02-02-18.wav
03-01-07-02-01-01-18.wav,07,disgust,18,Audios/audio_speech_actors_01-24/Actor_18/03-01-07-02-01-01-18.wav
03-01-07-02-01-02-18.wav,07,disgust,18,Audios/audio_speech_actors_01-24/Actor_18/03-01-07-02-01-02-18.wav
03-01-07-02-02-01-18.wav,07,disgust,18,Audios/audio_speech_actors_01-24/Actor_18/03-01-07-02-02-01-18.wav
03-01-07-02-02-02-18.wav,07,disgust,18,Audios/audio_speech_actors_01-24/Actor_18/03-01-07-02-02-02-18.wav
03-01-08-01-01-01-18.wav,08,surprised,18,Audios/audio_speech_actors_01-24/Actor_18/03-01-08-01-01-01-18.wav
03-01-08-01-01-02-18.wav,08,surprised,18,Audios/audio_speech_actors_01-24/Actor_18/03-01-08-01-01-02-18.wav
03-01-08-01-02-01-18.wav,08,surprised,18,Audios/audio_speech_actors_01-24/Actor_18/03-01-08-01-02-01-18.wav
03-01-08-01-02-02-18.wav,08,surprised,18,Audios/audio_speech_actors_01-24/Actor_18/03-01-08-01-02-02-18.wav
03-01-08-02-01-01-18.wav,08,surprised,18,Audios/audio_speech_actors_01-24/Actor_18/03-01-08-02-01-01-18.wav
03-01-08-02-01-02-18.wav,08,surprised,18,Audios/audio_speech_actors_01-24/Actor_18/03-01-08-02-01-02-18.wav
03-01-08-02-02-01-18.wav,08,surprised,18,Audios/audio_speech_actors_01-24/Actor_18/03-01-08-02-02-01-18.wav
03-01-08-02-02-02-18.wav,08,surprised,18,Audios/audio_speech_actors_01-24/Actor_18/03-01-08-02-02-02-18.wav
03-01-01-01-01-01-19.wav,01,neutral,19,Audios/audio_speech_actors_01-24/Actor_19/03-01-01-01-01-01-19.wav
03-01-01-01-01-02-19.wav,01,neutral,19,Audios/audio_speech_actors_01-24/Actor_19/03-01-01-01-01-02-19.wav
03-01-01-01-02-01-19.wav,01,neutral,19,Audios/audio_speech_actors_01-24/Actor_19/03-01-01-01-02-01-19.wav
03-01-01-01-02-02-19.wav,01,neutral,19,Audios/audio_speech_actors_01-24/Actor_19/03-01-01-01-02-02-19.wav
03-01-02-01-01-01-19.wav,02,calm,19,Audios/audio_speech_actors_01-24/Actor_19/03-01-02-01-01-01-19.wav
03-01-02-01-01-02-19.wav,02,calm,19,Audios/audio_speech_actors_01-24/Actor_19/03-01-02-01-01-02-19.wav
03-01-02-01-02-01-19.wav,02,calm,19,Audios/audio_speech_actors_01-24/Actor_19/03-01-02-01-02-01-19.wav
03-01-02-01-02-02-19.wav,02,calm,19,Audios/audio_speech_actors_01-24/Actor_19/03-01-02-01-02-02-19.wav
03-01-02-02-01-01-19.wav,02,calm,19,Audios/audio_speech_actors_01-24/Actor_19/03-01-02-02-01-01-19.wav
03-01-02-02-01-02-19.wav,02,calm,19,Audios/audio_speech_actors_01-24/Actor_19/03-01-02-02-01-02-19.wav
03-01-02-02-02-01-19.wav,02,calm,19,Audios/audio_speech_actors_01-24/Actor_19/03-01-02-02-02-01-19.wav
03-01-02-02-02-02-19.wav,02,calm,19,Audios/audio_speech_actors_01-24/Actor_19/03-01-02-02-02-02-19.wav
03-01-03-01-01-01-19.wav,03,happy,19,Audios/audio_speech_actors_01-24/Actor_19/03-01-03-01-01-01-19.wav
03-01-03-01-01-02-19.wav,03,happy,19,Audios/audio_speech_actors_01-24/Actor_19/03-01-03-01-01-02-19.wav
03-01-03-01-02-01-19.wav,03,happy,19,Audios/audio_speech_actors_01-24/Actor_19/03-01-03-01-02-01-19.wav
03-01-03-01-02-02-19.wav,03,happy,19,Audios/audio_speech_actors_01-24/Actor_19/03-01-03-01-02-02-19.wav
03-01-03-02-01-01-19.wav,03,happy,19,Audios/audio_speech_actors_01-24/Actor_19/03-01-03-02-01-01-19.wav
03-01-03-02-01-02-19.wav,03,happy,19,Audios/audio_speech_actors_01-24/Actor_19/03-01-03-02-01-02-19.wav
03-01-03-02-02-01-19.wav,03,happy,19,Audios/audio_speech_actors_01-24/Actor_19/03-01-03-02-02-01-19.wav
03-01-03-02-02-02-19.wav,03,happy,19,Audios/audio_speech_actors_01-24/Actor_19/03-01-03-02-02-02-19.wav
03-01-04-01-01-01-19.wav,04,sad,19,Audios/audio_speech_actors_01-24/Actor_19/03-01-04-01-01-01-19.wav
03-01-04-01-01-02-19.wav,04,sad,19,Audios/audio_speech_actors_01-24/Actor_19/03-01-04-01-01-02-19.wav
03-01-04-01-02-01-19.wav,04,sad,19,Audios/audio_speech_actors_01-24/Actor_19/03-01-04-01-02-01-19.wav
03-01-04-01-02-02-19.wav,04,sad,19,Audios/audio_speech_actors_01-24/Actor_19/03-01-04-01-02-02-19.wav
03-01-04-02-01-01-19.wav,04,sad,19,Audios/audio_speech_actors_01-24/Actor_19/03-01-04-02-01-01-19.wav
03-01-04-02-01-02-19.wav,04,sad,19,Audios/audio_speech_actors_01-24/Actor_19/03-01-04-02-01-02-19.wav
03-01-04-02-02-01-19.wav,04,sad,19,Audios/audio_speech_actors_01-24/Actor_19/03-01-04-02-02-01-19.wav
03-01-04-02-02-02-19.wav,04,sad,19,Audios/audio_speech_actors_01-24/Actor_19/03-01-04-02-02-02-19.wav
03-01-05-01-01-01-19.wav,05,angry,19,Audios/audio_speech_actors_01-24/Actor_19/03-01-05-01-01-01-19.wav
03-01-05-01-01-02-19.wav,05,angry,19,Audios/audio_speech_actors_01-24/Actor_19/03-01-05-01-01-02-19.wav
03-01-05-01-02-01-19.wav,05,angry,19,Audios/audio_speech_actors_01-24/Actor_19/03-01-05-01-02-01-19.wav
03-01-05-01-02-02-19.wav,05,angry,19,Audios/audio_speech_actors_01-24/Actor_19/03-01-05-01-02-02-19.wav
03-01-05-02-01-01-19.wav,05,angry,19,Audios/audio_speech_actors_01-24/Actor_19/03-01-05-02-01-01-19.wav
03-01-05-02-01-02-19.wav,05,angry,19,Audios/audio_speech_actors_01-24/Actor_19/03-01-05-02-01-02-19.wav
03-01-05-02-02-01-19.wav,05,angry,19,Audios/audio_speech_actors_01-24/Actor_19/03-01-05-02-02-01-19.wav
03-01-05-02-02-02-19.wav,05,angry,19,Audios/audio_speech_actors_01-24/Actor_19/03-01-05-02-02-02-19.wav
03-01-06-01-01-01-19.wav,06,fearful,19,Audios/audio_speech_actors_01-24/Actor_19/03-01-06-01-01-01-19.wav
03-01-06-01-01-02-19.wav,06,fearful,19,Audios/audio_speech_actors_01-24/Actor_19/03-01-06-01-01-02-19.wav
03-01-06-01-02-01-19.wav,06,fearful,19,Audios/audio_speech_actors_01-24/Actor_19/03-01-06-01-02-01-19.wav
03-01-06-01-02-02-19.wav,06,fearful,19,Audios/audio_speech_actors_01-24/Actor_19/03-01-06-01-02-02-19.wav
03-01-06-02-01-01-19.wav,06,fearful,19,Audios/audio_speech_actors_01-24/Actor_19/03-01-06-02-01-01-19.wav
03-01-06-02-01-02-19.wav,06,fearful,19,Audios/audio_speech_actors_01-24/Actor_19/03-01-06-02-01-02-19.wav
03-01-06-02-02-01-19.wav,06,fearful,19,Audios/audio_speech_actors_01-24/Actor_19/03-01-06-02-02-01-19.wav
03-01-06-02-02-02-19.wav,06,fearful,19,Audios/audio_speech_actors_01-24/Actor_19/03-01-06-02-02-02-19.wav
03-01-07-01-01-01-19.wav,07,disgust,19,Audios/audio_speech_actors_01-24/Actor_19/03-01-07-01-01-01-19.wav
03-01-07-01-01-02-19.wav,07,disgust,19,Audios/audio_speech_actors_01-24/Actor_19/03-01-07-01-01-02-19.wav
03-01-07-01-02-01-19.wav,07,disgust,19,Audios/audio_speech_actors_01-24/Actor_19/03-01-07-01-02-01-19.wav
03-01-07-01-02-02-19.wav,07,disgust,19,Audios/audio_speech_actors_01-24/Actor_19/03-01-07-01-02-02-19.wav
03-01-07-02-01-01-19.wav,07,disgust,19,Audios/audio_speech_actors_01-24/Actor_19/03-01-07-02-01-01-19.wav
03-01-07-02-01-02-19.wav,07,disgust,19,Audios/audio_speech_actors_01-24/Actor_19/03-01-07-02-01-02-19.wav
03-01-07-02-02-01-19.wav,07,disgust,19,Audios/audio_speech_actors_01-24/Actor_19/03-01-07-02-02-01-19.wav
03-01-07-02-02-02-19.wav,07,disgust,19,Audios/audio_speech_actors_01-24/Actor_19/03-01-07-02-02-02-19.wav
03-01-08-01-01-01-19.wav,08,surprised,19,Audios/audio_speech_actors_01-24/Actor_19/03-01-08-01-01-01-19.wav
03-01-08-01-01-02-19.wav,08,surprised,19,Audios/audio_speech_actors_01-24/Actor_19/03-01-08-01-01-02-19.wav
03-01-08-01-02-01-19.wav,08,surprised,19,Audios/audio_speech_actors_01-24/Actor_19/03-01-08-01-02-01-19.wav
03-01-08-01-02-02-19.wav,08,surprised,19,Audios/audio_speech_actors_01-24/Actor_19/03-01-08-01-02-02-19.wav
03-01-08-02-01-01-19.wav,08,surprised,19,Audios/audio_speech_actors_01-24/Actor_19/03-01-08-02-01-01-19.wav
03-01-08-02-01-02-19.wav,08,surprised,19,Audios/audio_speech_actors_01-24/Actor_19/03-01-08-02-01-02-19.wav
03-01-08-02-02-01-19.wav,08,surprised,19,Audios/audio_speech_actors_01-24/Actor_19/03-01-08-02-02-01-19.wav
03-01-08-02-02-02-19.wav,08,surprised,19,Audios/audio_speech_actors_01-24/Actor_19/03-01-08-02-02-02-19.wav
03-01-01-01-01-01-20.wav,01,neutral,20,Audios/audio_speech_actors_01-24/Actor_20/03-01-01-01-01-01-20.wav
03-01-01-01-01-02-20.wav,01,neutral,20,Audios/audio_speech_actors_01-24/Actor_20/03-01-01-01-01-02-20.wav
03-01-01-01-02-01-20.wav,01,neutral,20,Audios/audio_speech_actors_01-24/Actor_20/03-01-01-01-02-01-20.wav
03-01-01-01-02-02-20.wav,01,neutral,20,Audios/audio_speech_actors_01-24/Actor_20/03-01-01-01-02-02-20.wav
03-01-02-01-01-01-20.wav,02,calm,20,Audios/audio_speech_actors_01-24/Actor_20/03-01-02-01-01-01-20.wav
03-01-02-01-01-02-20.wav,02,calm,20,Audios/audio_speech_actors_01-24/Actor_20/03-01-02-01-01-02-20.wav
03-01-02-01-02-01-20.wav,02,calm,20,Audios/audio_speech_actors_01-24/Actor_20/03-01-02-01-02-01-20.wav
03-01-02-01-02-02-20.wav,02,calm,20,Audios/audio_speech_actors_01-24/Actor_20/03-01-02-01-02-02-20.wav
03-01-02-02-01-01-20.wav,02,calm,20,Audios/audio_speech_actors_01-24/Actor_20/03-01-02-02-01-01-20.wav
03-01-02-02-01-02-20.wav,02,calm,20,Audios/audio_speech_actors_01-24/Actor_20/03-01-02-02-01-02-20.wav
03-01-02-02-02-01-20.wav,02,calm,20,Audios/audio_speech_actors_01-24/Actor_20/03-01-02-02-02-01-20.wav
03-01-02-02-02-02-20.wav,02,calm,20,Audios/audio_speech_actors_01-24/Actor_20/03-01-02-02-02-02-20.wav
03-01-03-01-01-01-20.wav,03,happy,20,Audios/audio_speech_actors_01-24/Actor_20/03-01-03-01-01-01-20.wav
03-01-03-01-01-02-20.wav,03,happy,20,Audios/audio_speech_actors_01-24/Actor_20/03-01-03-01-01-02-20.wav
03-01-03-01-02-01-20.wav,03,happy,20,Audios/audio_speech_actors_01-24/Actor_20/03-01-03-01-02-01-20.wav
03-01-03-01-02-02-20.wav,03,happy,20,Audios/audio_speech_actors_01-24/Actor_20/03-01-03-01-02-02-20.wav
03-01-03-02-01-01-20.wav,03,happy,20,Audios/audio_speech_actors_01-24/Actor_20/03-01-03-02-01-01-20.wav
03-01-03-02-01-02-20.wav,03,happy,20,Audios/audio_speech_actors_01-24/Actor_20/03-01-03-02-01-02-20.wav
03-01-03-02-02-01-20.wav,03,happy,20,Audios/audio_speech_actors_01-24/Actor_20/03-01-03-02-02-01-20.wav
03-01-03-02-02-02-20.wav,03,happy,20,Audios/audio_speech_actors_01-24/Actor_20/03-01-03-02-02-02-20.wav
03-01-04-01-01-01-20.wav,04,sad,20,Audios/audio_speech_actors_01-24/Actor_20/03-01-04-01-01-01-20.wav
03-01-04-01-01-02-20.wav,04,sad,20,Audios/audio_speech_actors_01-24/Actor_20/03-01-04-01-01-02-20.wav
03-01-04-01-02-01-20.wav,04,sad,20,Audios/audio_speech_actors_01-24/Actor_20/03-01-04-01-02-01-20.wav
03-01-04-01-02-02-20.wav,04,sad,20,Audios/audio_speech_actors_01-24/Actor_20/03-01-04-01-02-02-20.wav
03-01-04-02-01-01-20.wav,04,sad,20,Audios/audio_speech_actors_01-24/Actor_20/03-01-04-02-01-01-20.wav
03-01-04-02-01-02-20.wav,04,sad,20,Audios/audio_speech_actors_01-24/Actor_20/03-01-04-02-01-02-20.wav
03-01-04-02-02-01-20.wav,04,sad,20,Audios/audio_speech_actors_01-24/Actor_20/03-01-04-02-02-01-20.wav
03-01-04-02-02-02-20.wav,04,sad,20,Audios/audio_speech_actors_01-24/Actor_20/03-01-04-02-02-02-20.wav
03-01-05-01-01-01-20.wav,05,angry,20,Audios/audio_speech_actors_01-24/Actor_20/03-01-05-01-01-01-20.wav
03-01-05-01-01-02-20.wav,05,angry,20,Audios/audio_speech_actors_01-24/Actor_20/03-01-05-01-01-02-20.wav
03-01-05-01-02-01-20.wav,05,angry,20,Audios/audio_speech_actors_01-24/Actor_20/03-01-05-01-02-01-20.wav
03-01-05-01-02-02-20.wav,05,angry,20,Audios/audio_speech_actors_01-24/Actor_20/03-01-05-01-02-02-20.wav
03-01-05-02-01-01-20.wav,05,angry,20,Audios/audio_speech_actors_01-24/Actor_20/03-01-05-02-01-01-20.wav
03-01-05-02-01-02-20.wav,05,angry,20,Audios/audio_speech_actors_01-24/Actor_20/03-01-05-02-01-02-20.wav
03-01-05-02-02-01-20.wav,05,angry,20,Audios/audio_speech_actors_01-24/Actor_20/03-01-05-02-02-01-20.wav
03-01-05-02-02-02-20.wav,05,angry,20,Audios/audio_speech_actors_01-24/Actor_20/03-01-05-02-02-02-20.wav
03-01-06-01-01-01-20.wav,06,fearful,20,Audios/audio_speech_actors_01-24/Actor_20/03-01-06-01-01-01-20.wav
03-01-06-01-01-02-20.wav,06,fearful,20,Audios/audio_speech_actors_01-24/Actor_20/03-01-06-01-01-02-20.wav
03-01-06-01-02-01-20.wav,06,fearful,20,Audios/audio_speech_actors_01-24/Actor_20/03-01-06-01-02-01-20.wav
03-01-06-01-02-02-20.wav,06,fearful,20,Audios/audio_speech_actors_01-24/Actor_20/03-01-06-01-02-02-20.wav
03-01-06-02-01-01-20.wav,06,fearful,20,Audios/audio_speech_actors_01-24/Actor_20/03-01-06-02-01-01-20.wav
03-01-06-02-01-02-20.wav,06,fearful,20,Audios/audio_speech_actors_01-24/Actor_20/03-01-06-02-01-02-20.wav
03-01-06-02-02-01-20.wav,06,fearful,20,Audios/audio_speech_actors_01-24/Actor_20/03-01-06-02-02-01-20.wav
03-01-06-02-02-02-20.wav,06,fearful,20,Audios/audio_speech_actors_01-24/Actor_20/03-01-06-02-02-02-20.wav
03-01-07-01-01-01-20.wav,07,disgust,20,Audios/audio_speech_actors_01-24/Actor_20/03-01-07-01-01-01-20.wav
03-01-07-01-01-02-20.wav,07,disgust,20,Audios/audio_speech_actors_01-24/Actor_20/03-01-07-01-01-02-20.wav
03-01-07-01-02-01-20.wav,07,disgust,20,Audios/audio_speech_actors_01-24/Actor_20/03-01-07-01-02-01-20.wav
03-01-07-01-02-02-20.wav,07,disgust,20,Audios/audio_speech_actors_01-24/Actor_20/03-01-07-01-02-02-20.wav
03-01-07-02-01-01-20.wav,07,disgust,20,Audios/audio_speech_actors_01-24/Actor_20/03-01-07-02-01-01-20.wav
03-01-07-02-01-02-20.wav,07,disgust,20,Audios/audio_speech_actors_01-24/Actor_20/03-01-07-02-01-02-20.wav
03-01-07-02-02-01-20.wav,07,disgust,20,Audios/audio_speech_actors_01-24/Actor_20/03-01-07-02-02-01-20.wav
03-01-07-02-02-02-20.wav,07,disgust,20,Audios/audio_speech_actors_01-24/Actor_20/03-01-07-02-02-02-20.wav
03-01-08-01-01-01-20.wav,08,surprised,20,Audios/audio_speech_actors_01-24/Actor_20/03-01-08-01-01-01-20.wav
03-01-08-01-01-02-20.wav,08,surprised,20,Audios/audio_speech_actors_01-24/Actor_20/03-01-08-01-01-02-20.wav
03-01-08-01-02-01-20.wav,08,surprised,20,Audios/audio_speech_actors_01-24/Actor_20/03-01-08-01-02-01-20.wav
03-01-08-01-02-02-20.wav,08,surprised,20,Audios/audio_speech_actors_01-24/Actor_20/03-01-08-01-02-02-20.wav
03-01-08-02-01-01-20.wav,08,surprised,20,Audios/audio_speech_actors_01-24/Actor_20/03-01-08-02-01-01-20.wav
03-01-08-02-01-02-20.wav,08,surprised,20,Audios/audio_speech_actors_01-24/Actor_20/03-01-08-02-01-02-20.wav
03-01-08-02-02-01-20.wav,08,surprised,20,Audios/audio_speech_actors_01-24/Actor_20/03-01-08-02-02-01-20.wav
03-01-08-02-02-02-20.wav,08,surprised,20,Audios/audio_speech_actors_01-24/Actor_20/03-01-08-02-02-02-20.wav
03-01-01-01-01-01-21.wav,01,neutral,21,Audios/audio_speech_actors_01-24/Actor_21/03-01-01-01-01-01-21.wav
03-01-01-01-01-02-21.wav,01,neutral,21,Audios/audio_speech_actors_01-24/Actor_21/03-01-01-01-01-02-21.wav
03-01-01-01-02-01-21.wav,01,neutral,21,Audios/audio_speech_actors_01-24/Actor_21/03-01-01-01-02-01-21.wav
03-01-01-01-02-02-21.wav,01,neutral,21,Audios/audio_speech_actors_01-24/Actor_21/03-01-01-01-02-02-21.wav
03-01-02-01-01-01-21.wav,02,calm,21,Audios/audio_speech_actors_01-24/Actor_21/03-01-02-01-01-01-21.wav
03-01-02-01-01-02-21.wav,02,calm,21,Audios/audio_speech_actors_01-24/Actor_21/03-01-02-01-01-02-21.wav
03-01-02-01-02-01-21.wav,02,calm,21,Audios/audio_speech_actors_01-24/Actor_21/03-01-02-01-02-01-21.wav
03-01-02-01-02-02-21.wav,02,calm,21,Audios/audio_speech_actors_01-24/Actor_21/03-01-02-01-02-02-21.wav
03-01-02-02-01-01-21.wav,02,calm,21,Audios/audio_speech_actors_01-24/Actor_21/03-01-02-02-01-01-21.wav
03-01-02-02-01-02-21.wav,02,calm,21,Audios/audio_speech_actors_01-24/Actor_21/03-01-02-02-01-02-21.wav
03-01-02-02-02-01-21.wav,02,calm,21,Audios/audio_speech_actors_01-24/Actor_21/03-01-02-02-02-01-21.wav
03-01-02-02-02-02-21.wav,02,calm,21,Audios/audio_speech_actors_01-24/Actor_21/03-01-02-02-02-02-21.wav
03-01-03-01-01-01-21.wav,03,happy,21,Audios/audio_speech_actors_01-24/Actor_21/03-01-03-01-01-01-21.wav
03-01-03-01-01-02-21.wav,03,happy,21,Audios/audio_speech_actors_01-24/Actor_21/03-01-03-01-01-02-21.wav
03-01-03-01-02-01-21.wav,03,happy,21,Audios/audio_speech_actors_01-24/Actor_21/03-01-03-01-02-01-21.wav
03-01-03-01-02-02-21.wav,03,happy,21,Audios/audio_speech_actors_01-24/Actor_21/03-01-03-01-02-02-21.wav
03-01-03-02-01-01-21.wav,03,happy,21,Audios/audio_speech_actors_01-24/Actor_21/03-01-03-02-01-01-21.wav
03-01-03-02-01-02-21.wav,03,happy,21,Audios/audio_speech_actors_01-24/Actor_21/03-01-03-02-01-02-21.wav
03-01-03-02-02-01-21.wav,03,happy,21,Audios/audio_speech_actors_01-24/Actor_21/03-01-03-02-02-01-21.wav
03-01-03-02-02-02-21.wav,03,happy,21,Audios/audio_speech_actors_01-24/Actor_21/03-01-03-02-02-02-21.wav
03-01-04-01-01-01-21.wav,04,sad,21,Audios/audio_speech_actors_01-24/Actor_21/03-01-04-01-01-01-21.wav
03-01-04-01-01-02-21.wav,04,sad,21,Audios/audio_speech_actors_01-24/Actor_21/03-01-04-01-01-02-21.wav
03-01-04-01-02-01-21.wav,04,sad,21,Audios/audio_speech_actors_01-24/Actor_21/03-01-04-01-02-01-21.wav
03-01-04-01-02-02-21.wav,04,sad,21,Audios/audio_speech_actors_01-24/Actor_21/03-01-04-01-02-02-21.wav
03-01-04-02-01-01-21.wav,04,sad,21,Audios/audio_speech_actors_01-24/Actor_21/03-01-04-02-01-01-21.wav
03-01-04-02-01-02-21.wav,04,sad,21,Audios/audio_speech_actors_01-24/Actor_21/03-01-04-02-01-02-21.wav
03-01-04-02-02-01-21.wav,04,sad,21,Audios/audio_speech_actors_01-24/Actor_21/03-01-04-02-02-01-21.wav
03-01-04-02-02-02-21.wav,04,sad,21,Audios/audio_speech_actors_01-24/Actor_21/03-01-04-02-02-02-21.wav
03-01-05-01-01-01-21.wav,05,angry,21,Audios/audio_speech_actors_01-24/Actor_21/03-01-05-01-01-01-21.wav
03-01-05-01-01-02-21.wav,05,angry,21,Audios/audio_speech_actors_01-24/Actor_21/03-01-05-01-01-02-21.wav
03-01-05-01-02-01-21.wav,05,angry,21,Audios/audio_speech_actors_01-24/Actor_21/03-01-05-01-02-01-21.wav
03-01-05-01-02-02-21.wav,05,angry,21,Audios/audio_speech_actors_01-24/Actor_21/03-01-05-01-02-02-21.wav
03-01-05-02-01-01-21.wav,05,angry,21,Audios/audio_speech_actors_01-24/Actor_21/03-01-05-02-01-01-21.wav
03-01-05-02-01-02-21.wav,05,angry,21,Audios/audio_speech_actors_01-24/Actor_21/03-01-05-02-01-02-21.wav
03-01-05-02-02-01-21.wav,05,angry,21,Audios/audio_speech_actors_01-24/Actor_21/03-01-05-02-02-01-21.wav
03-01-05-02-02-02-21.wav,05,angry,21,Audios/audio_speech_actors_01-24/Actor_21/03-01-05-02-02-02-21.wav
03-01-06-01-01-01-21.wav,06,fearful,21,Audios/audio_speech_actors_01-24/Actor_21/03-01-06-01-01-01-21.wav
03-01-06-01-01-02-21.wav,06,fearful,21,Audios/audio_speech_actors_01-24/Actor_21/03-01-06-01-01-02-21.wav
03-01-06-01-02-01-21.wav,06,fearful,21,Audios/audio_speech_actors_01-24/Actor_21/03-01-06-01-02-01-21.wav
03-01-06-01-02-02-21.wav,06,fearful,21,Audios/audio_speech_actors_01-24/Actor_21/03-01-06-01-02-02-21.wav
03-01-06-02-01-01-21.wav,06,fearful,21,Audios/audio_speech_actors_01-24/Actor_21/03-01-06-02-01-01-21.wav
03-01-06-02-01-02-21.wav,06,fearful,21,Audios/audio_speech_actors_01-24/Actor_21/03-01-06-02-01-02-21.wav
03-01-06-02-02-01-21.wav,06,fearful,21,Audios/audio_speech_actors_01-24/Actor_21/03-01-06-02-02-01-21.wav
03-01-06-02-02-02-21.wav,06,fearful,21,Audios/audio_speech_actors_01-24/Actor_21/03-01-06-02-02-02-21.wav
03-01-07-01-01-01-21.wav,07,disgust,21,Audios/audio_speech_actors_01-24/Actor_21/03-01-07-01-01-01-21.wav
03-01-07-01-01-02-21.wav,07,disgust,21,Audios/audio_speech_actors_01-24/Actor_21/03-01-07-01-01-02-21.wav
03-01-07-01-02-01-21.wav,07,disgust,21,Audios/audio_speech_actors_01-24/Actor_21/03-01-07-01-02-01-21.wav
03-01-07-01-02-02-21.wav,07,disgust,21,Audios/audio_speech_actors_01-24/Actor_21/03-01-07-01-02-02-21.wav
03-01-07-02-01-01-21.wav,07,disgust,21,Audios/audio_speech_actors_01-24/Actor_21/03-01-07-02-01-01-21.wav
03-01-07-02-01-02-21.wav,07,disgust,21,Audios/audio_speech_actors_01-24/Actor_21/03-01-07-02-01-02-21.wav
03-01-07-02-02-01-21.wav,07,disgust,21,Audios/audio_speech_actors_01-24/Actor_21/03-01-07-02-02-01-21.wav
03-01-07-02-02-02-21.wav,07,disgust,21,Audios/audio_speech_actors_01-24/Actor_21/03-01-07-02-02-02-21.wav
03-01-08-01-01-01-21.wav,08,surprised,21,Audios/audio_speech_actors_01-24/Actor_21/03-01-08-01-01-01-21.wav
03-01-08-01-01-02-21.wav,08,surprised,21,Audios/audio_speech_actors_01-24/Actor_21/03-01-08-01-01-02-21.wav
03-01-08-01-02-01-21.wav,08,surprised,21,Audios/audio_speech_actors_01-24/Actor_21/03-01-08-01-02-01-21.wav
03-01-08-01-02-02-21.wav,08,surprised,21,Audios/audio_speech_actors_01-24/Actor_21/03-01-08-01-02-02-21.wav
03-01-08-02-01-01-21.wav,08,surprised,21,Audios/audio_speech_actors_01-24/Actor_21/03-01-08-02-01-01-21.wav
03-01-08-02-01-02-21.wav,08,surprised,21,Audios/audio_speech_actors_01-24/Actor_21/03-01-08-02-01-02-21.wav
03-01-08-02-02-01-21.wav,08,surprised,21,Audios/audio_speech_actors_01-24/Actor_21/03-01-08-02-02-01-21.wav
03-01-08-02-02-02-21.wav,08,surprised,21,Audios/audio_speech_actors_01-24/Actor_21/03-01-08-02-02-02-21.wav
03-01-01-01-01-01-22.wav,01,neutral,22,Audios/audio_speech_actors_01-24/Actor_22/03-01-01-01-01-01-22.wav
03-01-01-01-01-02-22.wav,01,neutral,22,Audios/audio_speech_actors_01-24/Actor_22/03-01-01-01-01-02-22.wav
03-01-01-01-02-01-22.wav,01,neutral,22,Audios/audio_speech_actors_01-24/Actor_22/03-01-01-01-02-01-22.wav
03-01-01-01-02-02-22.wav,01,neutral,22,Audios/audio_speech_actors_01-24/Actor_22/03-01-01-01-02-02-22.wav
03-01-02-01-01-01-22.wav,02,calm,22,Audios/audio_speech_actors_01-24/Actor_22/03-01-02-01-01-01-22.wav
03-01-02-01-01-02-22.wav,02,calm,22,Audios/audio_speech_actors_01-24/Actor_22/03-01-02-01-01-02-22.wav
03-01-02-01-02-01-22.wav,02,calm,22,Audios/audio_speech_actors_01-24/Actor_22/03-01-02-01-02-01-22.wav
03-01-02-01-02-02-22.wav,02,calm,22,Audios/audio_speech_actors_01-24/Actor_22/03-01-02-01-02-02-22.wav
03-01-02-02-01-01-22.wav,02,calm,22,Audios/audio_speech_actors_01-24/Actor_22/03-01-02-02-01-01-22.wav
03-01-02-02-01-02-22.wav,02,calm,22,Audios/audio_speech_actors_01-24/Actor_22/03-01-02-02-01-02-22.wav
03-01-02-02-02-01-22.wav,02,calm,22,Audios/audio_speech_actors_01-24/Actor_22/03-01-02-02-02-01-22.wav
03-01-02-02-02-02-22.wav,02,calm,22,Audios/audio_speech_actors_01-24/Actor_22/03-01-02-02-02-02-22.wav
03-01-03-01-01-01-22.wav,03,happy,22,Audios/audio_speech_actors_01-24/Actor_22/03-01-03-01-01-01-22.wav
03-01-03-01-01-02-22.wav,03,happy,22,Audios/audio_speech_actors_01-24/Actor_22/03-01-03-01-01-02-22.wav
03-01-03-01-02-01-22.wav,03,happy,22,Audios/audio_speech_actors_01-24/Actor_22/03-01-03-01-02-01-22.wav
03-01-03-01-02-02-22.wav,03,happy,22,Audios/audio_speech_actors_01-24/Actor_22/03-01-03-01-02-02-22.wav
03-01-03-02-01-01-22.wav,03,happy,22,Audios/audio_speech_actors_01-24/Actor_22/03-01-03-02-01-01-22.wav
03-01-03-02-01-02-22.wav,03,happy,22,Audios/audio_speech_actors_01-24/Actor_22/03-01-03-02-01-02-22.wav
03-01-03-02-02-01-22.wav,03,happy,22,Audios/audio_speech_actors_01-24/Actor_22/03-01-03-02-02-01-22.wav
03-01-03-02-02-02-22.wav,03,happy,22,Audios/audio_speech_actors_01-24/Actor_22/03-01-03-02-02-02-22.wav
03-01-04-01-01-01-22.wav,04,sad,22,Audios/audio_speech_actors_01-24/Actor_22/03-01-04-01-01-01-22.wav
03-01-04-01-01-02-22.wav,04,sad,22,Audios/audio_speech_actors_01-24/Actor_22/03-01-04-01-01-02-22.wav
03-01-04-01-02-01-22.wav,04,sad,22,Audios/audio_speech_actors_01-24/Actor_22/03-01-04-01-02-01-22.wav
03-01-04-01-02-02-22.wav,04,sad,22,Audios/audio_speech_actors_01-24/Actor_22/03-01-04-01-02-02-22.wav
03-01-04-02-01-01-22.wav,04,sad,22,Audios/audio_speech_actors_01-24/Actor_22/03-01-04-02-01-01-22.wav
03-01-04-02-01-02-22.wav,04,sad,22,Audios/audio_speech_actors_01-24/Actor_22/03-01-04-02-01-02-22.wav
03-01-04-02-02-01-22.wav,04,sad,22,Audios/audio_speech_actors_01-24/Actor_22/03-01-04-02-02-01-22.wav
03-01-04-02-02-02-22.wav,04,sad,22,Audios/audio_speech_actors_01-24/Actor_22/03-01-04-02-02-02-22.wav
03-01-05-01-01-01-22.wav,05,angry,22,Audios/audio_speech_actors_01-24/Actor_22/03-01-05-01-01-01-22.wav
03-01-05-01-01-02-22.wav,05,angry,22,Audios/audio_speech_actors_01-24/Actor_22/03-01-05-01-01-02-22.wav
03-01-05-01-02-01-22.wav,05,angry,22,Audios/audio_speech_actors_01-24/Actor_22/03-01-05-01-02-01-22.wav
03-01-05-01-02-02-22.wav,05,angry,22,Audios/audio_speech_actors_01-24/Actor_22/03-01-05-01-02-02-22.wav
03-01-05-02-01-01-22.wav,05,angry,22,Audios/audio_speech_actors_01-24/Actor_22/03-01-05-02-01-01-22.wav
03-01-05-02-01-02-22.wav,05,angry,22,Audios/audio_speech_actors_01-24/Actor_22/03-01-05-02-01-02-22.wav
03-01-05-02-02-01-22.wav,05,angry,22,Audios/audio_speech_actors_01-24/Actor_22/03-01-05-02-02-01-22.wav
03-01-05-02-02-02-22.wav,05,angry,22,Audios/audio_speech_actors_01-24/Actor_22/03-01-05-02-02-02-22.wav
03-01-06-01-01-01-22.wav,06,fearful,22,Audios/audio_speech_actors_01-24/Actor_22/03-01-06-01-01-01-22.wav
03-01-06-01-01-02-22.wav,06,fearful,22,Audios/audio_speech_actors_01-24/Actor_22/03-01-06-01-01-02-22.wav
03-01-06-01-02-01-22.wav,06,fearful,22,Audios/audio_speech_actors_01-24/Actor_22/03-01-06-01-02-01-22.wav
03-01-06-01-02-02-22.wav,06,fearful,22,Audios/audio_speech_actors_01-24/Actor_22/03-01-06-01-02-02-22.wav
03-01-06-02-01-01-22.wav,06,fearful,22,Audios/audio_speech_actors_01-24/Actor_22/03-01-06-02-01-01-22.wav
03-01-06-02-01-02-22.wav,06,fearful,22,Audios/audio_speech_actors_01-24/Actor_22/03-01-06-02-01-02-22.wav
03-01-06-02-02-01-22.wav,06,fearful,22,Audios/audio_speech_actors_01-24/Actor_22/03-01-06-02-02-01-22.wav
03-01-06-02-02-02-22.wav,06,fearful,22,Audios/audio_speech_actors_01-24/Actor_22/03-01-06-02-02-02-22.wav
03-01-07-01-01-01-22.wav,07,disgust,22,Audios/audio_speech_actors_01-24/Actor_22/03-01-07-01-01-01-22.wav
03-01-07-01-01-02-22.wav,07,disgust,22,Audios/audio_speech_actors_01-24/Actor_22/03-01-07-01-01-02-22.wav
03-01-07-01-02-01-22.wav,07,disgust,22,Audios/audio_speech_actors_01-24/Actor_22/03-01-07-01-02-01-22.wav
03-01-07-01-02-02-22.wav,07,disgust,22,Audios/audio_speech_actors_01-24/Actor_22/03-01-07-01-02-02-22.wav
03-01-07-02-01-01-22.wav,07,disgust,22,Audios/audio_speech_actors_01-24/Actor_22/03-01-07-02-01-01-22.wav
03-01-07-02-01-02-22.wav,07,disgust,22,Audios/audio_speech_actors_01-24/Actor_22/03-01-07-02-01-02-22.wav
03-01-07-02-02-01-22.wav,07,disgust,22,Audios/audio_speech_actors_01-24/Actor_22/03-01-07-02-02-01-22.wav
03-01-07-02-02-02-22.wav,07,disgust,22,Audios/audio_speech_actors_01-24/Actor_22/03-01-07-02-02-02-22.wav
03-01-08-01-01-01-22.wav,08,surprised,22,Audios/audio_speech_actors_01-24/Actor_22/03-01-08-01-01-01-22.wav
03-01-08-01-01-02-22.wav,08,surprised,22,Audios/audio_speech_actors_01-24/Actor_22/03-01-08-01-01-02-22.wav
03-01-08-01-02-01-22.wav,08,surprised,22,Audios/audio_speech_actors_01-24/Actor_22/03-01-08-01-02-01-22.wav
03-01-08-01-02-02-22.wav,08,surprised,22,Audios/audio_speech_actors_01-24/Actor_22/03-01-08-01-02-02-22.wav
03-01-08-02-01-01-22.wav,08,surprised,22,Audios/audio_speech_actors_01-24/Actor_22/03-01-08-02-01-01-22.wav
03-01-08-02-01-02-22.wav,08,surprised,22,Audios/audio_speech_actors_01-24/Actor_22/03-01-08-02-01-02-22.wav
03-01-08-02-02-01-22.wav,08,surprised,22,Audios/audio_speech_actors_01-24/Actor_22/03-01-08-02-02-01-22.wav
03-01-08-02-02-02-22.wav,08,surprised,22,Audios/audio_speech_actors_01-24/Actor_22/03-01-08-02-02-02-22.wav
03-01-01-01-01-01-23.wav,01,neutral,23,Audios/audio_speech_actors_01-24/Actor_23/03-01-01-01-01-01-23.wav
03-01-01-01-01-02-23.wav,01,neutral,23,Audios/audio_speech_actors_01-24/Actor_23/03-01-01-01-01-02-23.wav
03-01-01-01-02-01-23.wav,01,neutral,23,Audios/audio_speech_actors_01-24/Actor_23/03-01-01-01-02-01-23.wav
03-01-01-01-02-02-23.wav,01,neutral,23,Audios/audio_speech_actors_01-24/Actor_23/03-01-01-01-02-02-23.wav
03-01-02-01-01-01-23.wav,02,calm,23,Audios/audio_speech_actors_01-24/Actor_23/03-01-02-01-01-01-23.wav
03-01-02-01-01-02-23.wav,02,calm,23,Audios/audio_speech_actors_01-24/Actor_23/03-01-02-01-01-02-23.wav
03-01-02-01-02-01-23.wav,02,calm,23,Audios/audio_speech_actors_01-24/Actor_23/03-01-02-01-02-01-23.wav
03-01-02-01-02-02-23.wav,02,calm,23,Audios/audio_speech_actors_01-24/Actor_23/03-01-02-01-02-02-23.wav
03-01-02-02-01-01-23.wav,02,calm,23,Audios/audio_speech_actors_01-24/Actor_23/03-01-02-02-01-01-23.wav
03-01-02-02-01-02-23.wav,02,calm,23,Audios/audio_speech_actors_01-24/Actor_23/03-01-02-02-01-02-23.wav
03-01-02-02-02-01-23.wav,02,calm,23,Audios/audio_speech_actors_01-24/Actor_23/03-01-02-02-02-01-23.wav
03-01-02-02-02-02-23.wav,02,calm,23,Audios/audio_speech_actors_01-24/Actor_23/03-01-02-02-02-02-23.wav
03-01-03-01-01-01-23.wav,03,happy,23,Audios/audio_speech_actors_01-24/Actor_23/03-01-03-01-01-01-23.wav
03-01-03-01-01-02-23.wav,03,happy,23,Audios/audio_speech_actors_01-24/Actor_23/03-01-03-01-01-02-23.wav
03-01-03-01-02-01-23.wav,03,happy,23,Audios/audio_speech_actors_01-24/Actor_23/03-01-03-01-02-01-23.wav
03-01-03-01-02-02-23.wav,03,happy,23,Audios/audio_speech_actors_01-24/Actor_23/03-01-03-01-02-02-23.wav
03-01-03-02-01-01-23.wav,03,happy,23,Audios/audio_speech_actors_01-24/Actor_23/03-01-03-02-01-01-23.wav
03-01-03-02-01-02-23.wav,03,happy,23,Audios/audio_speech_actors_01-24/Actor_23/03-01-03-02-01-02-23.wav
03-01-03-02-02-01-23.wav,03,happy,23,Audios/audio_speech_actors_01-24/Actor_23/03-01-03-02-02-01-23.wav
03-01-03-02-02-02-23.wav,03,happy,23,Audios/audio_speech_actors_01-24/Actor_23/03-01-03-02-02-02-23.wav
03-01-04-01-01-01-23.wav,04,sad,23,Audios/audio_speech_actors_01-24/Actor_23/03-01-04-01-01-01-23.wav
03-01-04-01-01-02-23.wav,04,sad,23,Audios/audio_speech_actors_01-24/Actor_23/03-01-04-01-01-02-23.wav
03-01-04-01-02-01-23.wav,04,sad,23,Audios/audio_speech_actors_01-24/Actor_23/03-01-04-01-02-01-23.wav
03-01-04-01-02-02-23.wav,04,sad,23,Audios/audio_speech_actors_01-24/Actor_23/03-01-04-01-02-02-23.wav
03-01-04-02-01-01-23.wav,04,sad,23,Audios/audio_speech_actors_01-24/Actor_23/03-01-04-02-01-01-23.wav
03-01-04-02-01-02-23.wav,04,sad,23,Audios/audio_speech_actors_01-24/Actor_23/03-01-04-02-01-02-23.wav
03-01-04-02-02-01-23.wav,04,sad,23,Audios/audio_speech_actors_01-24/Actor_23/03-01-04-02-02-01-23.wav
03-01-04-02-02-02-23.wav,04,sad,23,Audios/audio_speech_actors_01-24/Actor_23/03-01-04-02-02-02-23.wav
03-01-05-01-01-01-23.wav,05,angry,23,Audios/audio_speech_actors_01-24/Actor_23/03-01-05-01-01-01-23.wav
03-01-05-01-01-02-23.wav,05,angry,23,Audios/audio_speech_actors_01-24/Actor_23/03-01-05-01-01-02-23.wav
03-01-05-01-02-01-23.wav,05,angry,23,Audios/audio_speech_actors_01-24/Actor_23/03-01-05-01-02-01-23.wav
03-01-05-01-02-02-23.wav,05,angry,23,Audios/audio_speech_actors_01-24/Actor_23/03-01-05-01-02-02-23.wav
03-01-05-02-01-01-23.wav,05,angry,23,Audios/audio_speech_actors_01-24/Actor_23/03-01-05-02-01-01-23.wav
03-01-05-02-01-02-23.wav,05,angry,23,Audios/audio_speech_actors_01-24/Actor_23/03-01-05-02-01-02-23.wav
03-01-05-02-02-01-23.wav,05,angry,23,Audios/audio_speech_actors_01-24/Actor_23/03-01-05-02-02-01-23.wav
03-01-05-02-02-02-23.wav,05,angry,23,Audios/audio_speech_actors_01-24/Actor_23/03-01-05-02-02-02-23.wav
03-01-06-01-01-01-23.wav,06,fearful,23,Audios/audio_speech_actors_01-24/Actor_23/03-01-06-01-01-01-23.wav
03-01-06-01-01-02-23.wav,06,fearful,23,Audios/audio_speech_actors_01-24/Actor_23/03-01-06-01-01-02-23.wav
03-01-06-01-02-01-23.wav,06,fearful,23,Audios/audio_speech_actors_01-24/Actor_23/03-01-06-01-02-01-23.wav
03-01-06-01-02-02-23.wav,06,fearful,23,Audios/audio_speech_actors_01-24/Actor_23/03-01-06-01-02-02-23.wav
03-01-06-02-01-01-23.wav,06,fearful,23,Audios/audio_speech_actors_01-24/Actor_23/03-01-06-02-01-01-23.wav
03-01-06-02-01-02-23.wav,06,fearful,23,Audios/audio_speech_actors_01-24/Actor_23/03-01-06-02-01-02-23.wav
03-01-06-02-02-01-23.wav,06,fearful,23,Audios/audio_speech_actors_01-24/Actor_23/03-01-06-02-02-01-23.wav
03-01-06-02-02-02-23.wav,06,fearful,23,Audios/audio_speech_actors_01-24/Actor_23/03-01-06-02-02-02-23.wav
03-01-07-01-01-01-23.wav,07,disgust,23,Audios/audio_speech_actors_01-24/Actor_23/03-01-07-01-01-01-23.wav
03-01-07-01-01-02-23.wav,07,disgust,23,Audios/audio_speech_actors_01-24/Actor_23/03-01-07-01-01-02-23.wav
03-01-07-01-02-01-23.wav,07,disgust,23,Audios/audio_speech_actors_01-24/Actor_23/03-01-07-01-02-01-23.wav
03-01-07-01-02-02-23.wav,07,disgust,23,Audios/audio_speech_actors_01-24/Actor_23/03-01-07-01-02-02-23.wav
03-01-07-02-01-01-23.wav,07,disgust,23,Audios/audio_speech_actors_01-24/Actor_23/03-01-07-02-01-01-23.wav
03-01-07-02-01-02-23.wav,07,disgust,23,Audios/audio_speech_actors_01-24/Actor_23/03-01-07-02-01-02-23.wav
03-01-07-02-02-01-23.wav,07,disgust,23,Audios/audio_speech_actors_01-24/Actor_23/03-01-07-02-02-01-23.wav
03-01-07-02-02-02-23.wav,07,disgust,23,Audios/audio_speech_actors_01-24/Actor_23/03-01-07-02-02-02-23.wav
03-01-08-01-01-01-23.wav,08,surprised,23,Audios/audio_speech_actors_01-24/Actor_23/03-01-08-01-01-01-23.wav
03-01-08-01-01-02-23.wav,08,surprised,23,Audios/audio_speech_actors_01-24/Actor_23/03-01-08-01-01-02-23.wav
03-01-08-01-02-01-23.wav,08,surprised,23,Audios/audio_speech_actors_01-24/Actor_23/03-01-08-01-02-01-23.wav
03-01-08-01-02-02-23.wav,08,surprised,23,Audios/audio_speech_actors_01-24/Actor_23/03-01-08-01-02-02-23.wav
03-01-08-02-01-01-23.wav,08,surprised,23,Audios/audio_speech_actors_01-24/Actor_23/03-01-08-02-01-01-23.wav
03-01-08-02-01-02-23.wav,08,surprised,23,Audios/audio_speech_actors_01-24/Actor_23/03-01-08-02-01-02-23.wav
03-01-08-02-02-01-23.wav,08,surprised,23,Audios/audio_speech_actors_01-24/Actor_23/03-01-08-02-02-01-23.wav
03-01-08-02-02-02-23.wav,08,surprised,23,Audios/audio_speech_actors_01-24/Actor_23/03-01-08-02-02-02-23.wav
03-01-01-01-01-01-24.wav,01,neutral,24,Audios/audio_speech_actors_01-24/Actor_24/03-01-01-01-01-01-24.wav
03-01-01-01-01-02-24.wav,01,neutral,24,Audios/audio_speech_actors_01-24/Actor_24/03-01-01-01-01-02-24.wav
03-01-01-01-02-01-24.wav,01,neutral,24,Audios/audio_speech_actors_01-24/Actor_24/03-01-01-01-02-01-24.wav
03-01-01-01-02-02-24.wav,01,neutral,24,Audios/audio_speech_actors_01-24/Actor_24/03-01-01-01-02-02-24.wav
03-01-02-01-01-01-24.wav,02,calm,24,Audios/audio_speech_actors_01-24/Actor_24/03-01-02-01-01-01-24.wav
03-01-02-01-01-02-24.wav,02,calm,24,Audios/audio_speech_actors_01-24/Actor_24/03-01-02-01-01-02-24.wav
03-01-02-01-02-01-24.wav,02,calm,24,Audios/audio_speech_actors_01-24/Actor_24/03-01-02-01-02-01-24.wav
03-01-02-01-02-02-24.wav,02,calm,24,Audios/audio_speech_actors_01-24/Actor_24/03-01-02-01-02-02-24.wav
03-01-02-02-01-01-24.wav,02,calm,24,Audios/audio_speech_actors_01-24/Actor_24/03-01-02-02-01-01-24.wav
03-01-02-02-01-02-24.wav,02,calm,24,Audios/audio_speech_actors_01-24/Actor_24/03-01-02-02-01-02-24.wav
03-01-02-02-02-01-24.wav,02,calm,24,Audios/audio_speech_actors_01-24/Actor_24/03-01-02-02-02-01-24.wav
03-01-02-02-02-02-24.wav,02,calm,24,Audios/audio_speech_actors_01-24/Actor_24/03-01-02-02-02-02-24.wav
03-01-03-01-01-01-24.wav,03,happy,24,Audios/audio_speech_actors_01-24/Actor_24/03-01-03-01-01-01-24.wav
03-01-03-01-01-02-24.wav,03,happy,24,Audios/audio_speech_actors_01-24/Actor_24/03-01-03-01-01-02-24.wav
03-01-03-01-02-01-24.wav,03,happy,24,Audios/audio_speech_actors_01-24/Actor_24/03-01-03-01-02-01-24.wav
03-01-03-01-02-02-24.wav,03,happy,24,Audios/audio_speech_actors_01-24/Actor_24/03-01-03-01-02-02-24.wav
03-01-03-02-01-01-24.wav,03,happy,24,Audios/audio_speech_actors_01-24/Actor_24/03-01-03-02-01-01-24.wav
03-01-03-02-01-02-24.wav,03,happy,24,Audios/audio_speech_actors_01-24/Actor_24/03-01-03-02-01-02-24.wav
03-01-03-02-02-01-24.wav,03,happy,24,Audios/audio_speech_actors_01-24/Actor_24/03-01-03-02-02-01-24.wav
03-01-03-02-02-02-24.wav,03,happy,24,Audios/audio_speech_actors_01-24/Actor_24/03-01-03-02-02-02-24.wav
03-01-04-01-01-01-24.wav,04,sad,24,Audios/audio_speech_actors_01-24/Actor_24/03-01-04-01-01-01-24.wav
03-01-04-01-01-02-24.wav,04,sad,24,Audios/audio_speech_actors_01-24/Actor_24/03-01-04-01-01-02-24.wav
03-01-04-01-02-01-24.wav,04,sad,24,Audios/audio_speech_actors_01-24/Actor_24/03-01-04-01-02-01-24.wav
03-01-04-01-02-02-24.wav,04,sad,24,Audios/audio_speech_actors_01-24/Actor_24/03-01-04-01-02-02-24.wav
03-01-04-02-01-01-24.wav,04,sad,24,Audios/audio_speech_actors_01-24/Actor_24/03-01-04-02-01-01-24.wav
03-01-04-02-01-02-24.wav,04,sad,24,Audios/audio_speech_actors_01-24/Actor_24/03-01-04-02-01-02-24.wav
03-01-04-02-02-01-24.wav,04,sad,24,Audios/audio_speech_actors_01-24/Actor_24/03-01-04-02-02-01-24.wav
03-01-04-02-02-02-24.wav,04,sad,24,Audios/audio_speech_actors_01-24/Actor_24/03-01-04-02-02-02-24.wav
03-01-05-01-01-01-24.wav,05,angry,24,Audios/audio_speech_actors_01-24/Actor_24/03-01-05-01-01-01-24.wav
03-01-05-01-01-02-24.wav,05,angry,24,Audios/audio_speech_actors_01-24/Actor_24/03-01-05-01-01-02-24.wav
03-01-05-01-02-01-24.wav,05,angry,24,Audios/audio_speech_actors_01-24/Actor_24/03-01-05-01-02-01-24.wav
03-01-05-01-02-02-24.wav,05,angry,24,Audios/audio_speech_actors_01-24/Actor_24/03-01-05-01-02-02-24.wav
03-01-05-02-01-01-24.wav,05,angry,24,Audios/audio_speech_actors_01-24/Actor_24/03-01-05-02-01-01-24.wav
03-01-05-02-01-02-24.wav,05,angry,24,Audios/audio_speech_actors_01-24/Actor_24/03-01-05-02-01-02-24.wav
03-01-05-02-02-01-24.wav,05,angry,24,Audios/audio_speech_actors_01-24/Actor_24/03-01-05-02-02-01-24.wav
03-01-05-02-02-02-24.wav,05,angry,24,Audios/audio_speech_actors_01-24/Actor_24/03-01-05-02-02-02-24.wav
03-01-06-01-01-01-24.wav,06,fearful,24,Audios/audio_speech_actors_01-24/Actor_24/03-01-06-01-01-01-24.wav
03-01-06-01-01-02-24.wav,06,fearful,24,Audios/audio_speech_actors_01-24/Actor_24/03-01-06-01-01-02-24.wav
03-01-06-01-02-01-24.wav,06,fearful,24,Audios/audio_speech_actors_01-24/Actor_24/03-01-06-01-02-01-24.wav
03-01-06-01-02-02-24.wav,06,fearful,24,Audios/audio_speech_actors_01-24/Actor_24/03-01-06-01-02-02-24.wav
03-01-06-02-01-01-24.wav,06,fearful,24,Audios/audio_speech_actors_01-24/Actor_24/03-01-06-02-01-01-24.wav
03-01-06-02-01-02-24.wav,06,fearful,24,Audios/audio_speech_actors_01-24/Actor_24/03-01-06-02-01-02-24.wav
03-01-06-02-02-01-24.wav,06,fearful,24,Audios/audio_speech_actors_01-24/Actor_24/03-01-06-02-02-01-24.wav
03-01-06-02-02-02-24.wav,06,fearful,24,Audios/audio_speech_actors_01-24/Actor_24/03-01-06-02-02-02-24.wav
03-01-07-01-01-01-24.wav,07,disgust,24,Audios/audio_speech_actors_01-24/Actor_24/03-01-07-01-01-01-24.wav
03-01-07-01-01-02-24.wav,07,disgust,24,Audios/audio_speech_actors_01-24/Actor_24/03-01-07-01-01-02-24.wav
03-01-07-01-02-01-24.wav,07,disgust,24,Audios/audio_speech_actors_01-24/Actor_24/03-01-07-01-02-01-24.wav
03-01-07-01-02-02-24.wav,07,disgust,24,Audios/audio_speech_actors_01-24/Actor_24/03-01-07-01-02-02-24.wav
03-01-07-02-01-01-24.wav,07,disgust,24,Audios/audio_speech_actors_01-24/Actor_24/03-01-07-02-01-01-24.wav
03-01-07-02-01-02-24.wav,07,disgust,24,Audios/audio_speech_actors_01-24/Actor_24/03-01-07-02-01-02-24.wav
03-01-07-02-02-01-24.wav,07,disgust,24,Audios/audio_speech_actors_01-24/Actor_24/03-01-07-02-02-01-24.wav
03-01-07-02-02-02-24.wav,07,disgust,24,Audios/audio_speech_actors_01-24/Actor_24/03-01-07-02-02-02-24.wav
03-01-08-01-01-01-24.wav,08,surprised,24,Audios/audio_speech_actors_01-24/Actor_24/03-01-08-01-01-01-24.wav
03-01-08-01-01-02-24.wav,08,surprised,24,Audios/audio_speech_actors_01-24/Actor_24/03-01-08-01-01-02-24.wav
03-01-08-01-02-01-24.wav,08,surprised,24,Audios/audio_speech_actors_01-24/Actor_24/03-01-08-01-02-01-24.wav
03-01-08-01-02-02-24.wav,08,surprised,24,Audios/audio_speech_actors_01-24/Actor_24/03-01-08-01-02-02-24.wav
03-01-08-02-01-01-24.wav,08,surprised,24,Audios/audio_speech_actors_01-24/Actor_24/03-01-08-02-01-01-24.wav
03-01-08-02-01-02-24.wav,08,surprised,24,Audios/audio_speech_actors_01-24/Actor_24/03-01-08-02-01-02-24.wav
03-01-08-02-02-01-24.wav,08,surprised,24,Audios/audio_speech_actors_01-24/Actor_24/03-01-08-02-02-01-24.wav
03-01-08-02-02-02-24.wav,08,surprised,24,Audios/audio_speech_actors_01-24/Actor_24/03-01-08-02-02-02-24.wav
